fecha,21,42,14,36,4,7,9,11,26,33
2019-01-02,0.0,0.0,0.2213132640956307,0.06329252480798402,0.0631567462700002,0.018363822650927855,0.0,0.0010812705458904887,0.030512695657546038,0.0
2019-01-03,0.0,0.0,0.2241810862458038,0.0643118910057902,0.051949331083931564,0.024243786231838104,0.0,0.004236360864064819,0.025828439251261923,0.0
2019-01-04,0.0,0.0,0.21714172980777116,0.06030013712325207,0.04310895501481146,0.028640649312270724,0.0,0.008240621640243868,0.019564142053750358,0.0
2019-01-07,0.0,0.0,0.19684031253982665,0.05259955499040875,0.03750588596762746,0.030276825015949572,0.0,0.014388375348592752,0.013260762869491214,0.0
2019-01-08,0.0,0.0,0.1716115883793764,0.042972355918126016,0.02882433056837642,0.028640649312270724,0.0,0.022549842970863886,0.0080430592515253,0.0
2019-01-09,0.0,0.0,0.14289400449442452,0.032988355266417,0.02183342525493185,0.02571061076972976,0.0,0.031720670825792364,0.004365350149619949,0.0
2019-01-10,0.0,0.0,0.11372422947091847,0.02376564342229194,0.014798904758458898,0.021384019793208867,0.0,0.04004862141994689,0.0037949954206863788,0.0
2019-01-11,0.0,0.0,0.08844894692387177,0.015982030321126432,0.008975989466172505,0.018011820038125407,0.0,0.04781825301713587,0.0034485594410942374,0.0
2019-01-14,0.0,0.0,0.06446692632792426,0.008386637645317194,0.004871695673721716,0.016724142025965234,0.0,0.05116544975886902,0.006353893036402299,0.0
2019-01-15,0.0,0.0,0.044365730188971254,0.005086752863785044,0.002366045135039982,0.01763310721186595,0.0,0.051355846887265515,0.010475798600869893,0.0021458366114828847
2019-01-16,0.0,0.0,0.028225871148999368,0.0027608223041242254,0.0,0.02225980748136366,0.0,0.049724115088622636,0.015455371155563186,0.00441828551022049
2019-01-17,0.0,0.0,0.01801717409132438,0.0013408534971957146,0.0,0.026052385377227653,0.0,0.04782376544162609,0.020404069542147237,0.00814059146021836
2019-01-18,0.0,0.0,0.012088224476858941,0.0,0.0,0.0314218738926095,0.0,0.046395088871296584,0.02410456001845041,0.013421566296541829
2019-01-21,0.0,0.0,0.009967978745605743,0.0,0.0,0.039810389597164514,0.0,0.04496293787395166,0.025481599170742247,0.019801381880788213
2019-01-22,0.0,0.0,0.010796179909609053,0.0,0.0,0.047610725460965495,0.0,0.04233698354229118,0.02410456001845041,0.026141641560046655
2019-01-23,0.0,0.0,0.01655500037607953,0.0,0.0,0.05676521769714076,0.0,0.03712126720524151,0.020404069542147237,0.03088270046636244
2019-01-24,0.0,0.0,0.02554451152259398,0.0,0.002347077679466078,0.06678247679180571,0.0,0.029721028406935385,0.015455371155563186,0.032646959496111634
2019-01-25,0.0,0.0,0.035787709886535096,0.0,0.004832641612625229,0.0761095833434829,0.0,0.022512642598349196,0.010475798600869893,0.03088270046636244
2019-01-28,0.0,0.0,0.045681193875500084,0.0,0.011558118651267154,0.08248742801649926,0.0,0.015259284779374592,0.006353893036402299,0.026141641560046655
2019-01-29,0.0,0.0,0.05331145654646371,0.0,0.02014504066480848,0.08377851024830417,0.0,0.012463167964551486,0.0034485594410942374,0.019801381880788213
2019-01-30,0.0,0.0,0.05705863582948477,0.0,0.03172711571473952,0.07825179568305486,0.0,0.011628417890444498,0.0016748680202890909,0.013421566296541829
2019-01-31,0.0,0.0,0.056129336784841874,0.0,0.045193770210538275,0.0680839436578237,0.0,0.014609524359438233,0.0,0.009637351537914812
2019-02-01,0.0,0.0,0.05079358380079842,0.0,0.058270352491554996,0.05402957787544817,0.0,0.020064729768681466,0.0,0.010200147687582418
2019-02-04,0.0,0.0,0.04448785013136861,0.0,0.06804203948884979,0.038970416524314655,0.0,0.029602310766579522,0.0,0.013383414166063522
2019-02-05,0.0,0.0,0.03684929767768106,0.0,0.07197631959556589,0.025464982428704395,0.0,0.039080757195024005,0.0,0.0220534589026918
2019-02-06,0.0,0.0,0.030986209073115445,0.0,0.0689727640838855,0.013989512715694862,0.0,0.04616845945501562,0.002590773895921533,0.03751588643607802
2019-02-07,0.0,0.0,0.03150618861218366,0.0,0.05985577166005438,0.007592772789158239,0.0,0.04880595942273508,0.005334413022572711,0.05609251513884938
2019-02-08,0.0,0.0,0.04011110105990086,0.0,0.04701364850316029,0.0036875955154907335,0.0,0.04616845945501562,0.009828535751340779,0.07648141800988711
2019-02-11,0.0,0.0,0.057817196314317885,0.0,0.03339544069879803,0.0,0.0,0.039080757195024005,0.016204515953072207,0.09532450631619674
2019-02-12,0.0,0.0,0.08557498266852917,0.0,0.023610526852803033,0.0,0.0,0.029602310766579522,0.023907180539933154,0.10882428211214337
2019-02-13,0.0,0.0,0.11829523867751297,0.0,0.01689901881821886,0.0,0.0,0.020064729768681466,0.03156208734061229,0.11395028687214477
2019-02-14,0.0,0.0,0.15697307374179434,0.0,0.013725008106104058,0.0,0.0,0.012169873783554086,0.03728620053160731,0.10949594985766885
2019-02-15,0.0,0.0,0.19452132928972474,0.004172081059315546,0.016272912927571864,0.0,0.0,0.006605168342110479,0.03941627707865597,0.09651382152291388
2019-02-18,0.0,0.0,0.22379300621241285,0.00859033031368626,0.020092409368569226,0.004204579015910219,0.0,0.003207943900574468,0.03728620053160731,0.07793376191759716
2019-02-20,0.0,0.0,0.2376800380171721,0.01582748996874117,0.026525853950651247,0.00865724372636906,0.0,0.0,0.03156208734061229,0.05893159436016881
2019-02-21,0.0,0.0,0.23377325374568755,0.026095119373256474,0.031336593774755186,0.01595077642331719,0.0,0.0,0.023907180539933154,0.0416167080828171
2019-02-22,0.0,0.0,0.2109230039879528,0.038499189477441464,0.03312678270557461,0.026298384373305166,0.0,0.0,0.016204515953072207,0.02837782164548153
2019-02-25,0.0,0.0,0.17581766009116445,0.05082635230867699,0.031336593774755186,0.038799074587721,0.0,0.0,0.009828535751340779,0.02049515969694239
2019-02-26,0.0,0.0,0.13589599180922385,0.06004424054783342,0.026525853950651247,0.051222258468626804,0.0,0.0,0.005334413022572711,0.01896992548949615
2019-02-27,0.0,0.0,0.10127422337120219,0.0634744325961723,0.022241428054509186,0.060511948412407784,0.0,0.0,0.00624031884495173,0.018762350645683473
2019-02-28,0.0,0.0,0.0742938277909049,0.06295034852767693,0.021058779209168373,0.06396885955625642,0.0,0.0,0.007514426532249102,0.020068905912134782
2019-03-01,0.0,0.0,0.0541211839905105,0.056810039374956274,0.026973283460540436,0.060511948412407784,0.0,0.0,0.01587502556223748,0.02121539724670042
2019-03-04,0.0,0.0,0.0439315224535897,0.04952399801905635,0.03832433772905459,0.051222258468626804,0.0,0.0,0.02700630986285547,0.022472447579596454
2019-03-05,0.0,0.0,0.03947873193000861,0.044271955721213396,0.057377758469507406,0.038799074587721,0.0,0.0,0.04137795337025356,0.02454523494751212
2019-03-07,0.0,0.0,0.03833527838040049,0.042644514894008244,0.08122535914298236,0.026298384373305166,0.0,0.0,0.05715675196236982,0.031058543383454835
2019-03-11,0.0,0.0,0.04286921626188943,0.04399397322728191,0.10782188517026858,0.0187272259784304,0.0,0.0,0.07125515338751615,0.04465987980204659
2019-03-12,0.0,0.0,0.04946345669368696,0.048089751243422005,0.12910993203929255,0.014373963617142839,0.0,0.0,0.08025332583666113,0.06480179313729388
2019-03-13,0.0,0.0,0.05694134164596154,0.04852372236395603,0.14110479621541636,0.014737506554350589,0.0,0.0,0.08173757791214782,0.09495488399112588
2019-03-14,0.0,0.0,0.06273090117821659,0.05303357722925893,0.13922123719040666,0.017365861675369777,0.0,0.0,0.07534310150322768,0.12872778489800735
2019-03-15,0.0,0.0,0.06411091530397835,0.05522522572623611,0.12552295802292046,0.02762590475545073,0.0,0.0,0.06289095647966629,0.16081516123319434
2019-03-18,0.0,0.0,0.06360399427637878,0.05853114575318797,0.10471111388387055,0.03997780788207756,0.0,0.0,0.0475556189054132,0.18588758223875632
2019-03-19,0.0,0.0,0.05957401669441819,0.06411881296932506,0.0858813296236697,0.053731693274818575,0.0,0.0,0.03257637019893447,0.19707467517340607
2019-03-20,0.0,0.0,0.05569073909387041,0.07296809794105089,0.07024186765685134,0.06657642150482641,0.0,0.0,0.02021061919374268,0.1920158548822183
2019-03-21,0.0,0.0,0.05516727911839176,0.08106219141833272,0.06412041954142919,0.07870239722130484,0.0,0.0,0.011350175059844592,0.17222971209904142
2019-03-22,0.0,0.0,0.059160434633829785,0.08636372010660465,0.06358463040162925,0.09164064407310528,0.0,0.0,0.004179497596021876,0.14238231373735585
2019-03-25,0.0,0.0,0.0660378522390543,0.08560484019666285,0.06906402937868183,0.10213101304207232,0.0,0.0031019895043294826,0.002029864058898466,0.10853578020424798
2019-03-26,0.0,0.0,0.0721547155185519,0.08166802585568855,0.08094130516994484,0.11138027356164841,0.0,0.006387007848823959,0.0,0.0762546523743156
2019-03-27,0.0,0.0,0.07725698507770795,0.07487680949737088,0.09501291602912584,0.11616174149832235,0.0,0.011767917992218945,0.0,0.048266942711476295
2019-03-28,0.0,0.0,0.0789863961538603,0.06558799223481522,0.10680901832278174,0.11632172116191129,0.0,0.019402016705626118,0.0,0.030692523138349564
2019-03-29,0.0,0.0,0.08283944332287589,0.05663815439969673,0.11462019119349777,0.11192290856448703,0.0,0.028624583268237767,0.0,0.019804864528521933
2019-04-01,0.0,0.0,0.08732206468637535,0.04931686421590821,0.1171959736790693,0.10256314291203765,0.0,0.03778996840265948,0.0,0.01679112773772029
2019-04-02,0.0,0.0,0.10069682297344171,0.04308574063302394,0.11400896845152449,0.09556874657267393,0.0,0.04464357267434552,0.0,0.021147585238381877
2019-04-03,0.0,0.0,0.12026637550711042,0.03988674505031717,0.1045259950899001,0.08635534387790196,0.0,0.0471939592992706,0.0,0.027173006333038312
2019-04-04,0.0,0.0,0.14383269817888683,0.03868864729995223,0.09147744259162494,0.07779567865673256,0.0,0.04464357267434552,0.0,0.03587360700095186
2019-04-05,0.0,0.0,0.16518753835839153,0.0441707831414927,0.07690895885630038,0.07013899126405751,0.0,0.03778996840265948,0.0,0.04237965917762441
2019-04-08,0.0,0.0,0.18012039526140047,0.0503894958082475,0.061091483075713514,0.06527033838688451,0.0,0.028624583268237767,0.0014030543309154003,0.044800713530149555
2019-04-09,0.0,0.0,0.18555496806683358,0.06386682107313876,0.046071779939288925,0.06542612006043307,0.0,0.019402016705626118,0.002888894050536178,0.04237965917762441
2019-04-10,0.0,0.0,0.1795099782760928,0.0814152201758139,0.037550927945715754,0.06695882776641392,0.0,0.011767917992218945,0.005322722169689942,0.03587360700095186
2019-04-12,0.0,0.0,0.16556605426870108,0.1050437772554635,0.032044016189801246,0.0684525454680317,0.0,0.006387007848823959,0.008775685259194945,0.02972496856331766
2019-04-15,0.0,0.0,0.1481487615843958,0.12934296720013178,0.031742712556605435,0.07045915159489216,0.0,0.0031019895043294826,0.012947124891652648,0.023672623615373024
2019-04-16,0.0,0.0,0.13050219199743698,0.15323591904980807,0.03237012913988594,0.07304920973300881,0.0,0.0,0.01709270091291572,0.02262658235800493
2019-04-17,0.0,0.0,0.11368774800657941,0.16670379332097265,0.0356333559966886,0.07481150090932508,0.0,0.0,0.020192640207471114,0.02567781457574083
2019-04-22,0.0,0.0,0.09476240900152756,0.16893706837134564,0.04411561548453775,0.07751896537284284,0.0,0.0,0.021346200203278813,0.033224172260168876
2019-04-23,0.0,0.0,0.07882748133414993,0.1650213391800852,0.05360861726691278,0.07879726497033143,0.0,0.0,0.020192640207471114,0.04218590644400531
2019-04-24,0.0,0.0,0.05916303151723976,0.1549986955173205,0.070719956684832,0.07736672682008366,0.0,0.0,0.01709270091291572,0.05309895291320975
2019-04-25,0.0,0.0,0.04323753325204902,0.14348104111072596,0.09394368069405079,0.07222323672559325,0.0,0.0,0.012947124891652648,0.06043910009378187
2019-04-26,0.0,0.0,0.027397496507003113,0.13231389308052607,0.12195550696371743,0.0619138941429189,0.0,0.002149875019668711,0.008775685259194945,0.06226073197509941
2019-04-29,0.0,0.0,0.02010162397318164,0.12270158250366468,0.14906574423686905,0.05106837807588952,0.0,0.004426600607593846,0.005322722169689942,0.05808101888141087
2019-04-30,0.0,0.0,0.018057391302804912,0.11039180710561224,0.16800290284860164,0.0386796772501934,0.0,0.008155911839698556,0.002888894050536178,0.0490821393736172
2019-05-01,0.0,0.0,0.021436898569073156,0.09681980191063563,0.1720575710191269,0.026829672414764708,0.0,0.013446825332066023,0.0037022620327621623,0.03757506792794662
2019-05-02,0.0,0.0,0.02886533838183726,0.08509018598283964,0.16165436839680936,0.016986365785273315,0.0,0.019838647561805173,0.004734077151865171,0.02605262379849261
2019-05-03,0.0,0.0,0.045656539460286104,0.07112751148414855,0.13789991309566618,0.00846444630453895,0.0,0.02619083944338134,0.008722430441704355,0.016351141645320658
2019-05-06,0.0,0.0,0.06344701305104193,0.05994794792635329,0.10697139302830327,0.004594056911238321,0.0,0.03094082089813082,0.014380856601440286,0.009282415814451026
2019-05-07,0.0,0.0,0.07985245375492622,0.04961196353992467,0.07555391141829682,0.0022312038216107063,0.0,0.03270840021707143,0.021216661829651286,0.003652936729901887
2019-05-08,0.0,0.0,0.09137451065186693,0.04026188168172256,0.04863200844039848,0.0,0.0,0.03094082089813082,0.0280100839421511,0.0017741283030083897
2019-05-09,0.0,0.0,0.09869647259688628,0.02960266203197143,0.028538735915514583,0.0,0.0,0.02619083944338134,0.03309000433030102,0.0
2019-05-10,0.0,0.0,0.09827247036666156,0.02287011088189314,0.013006115302105716,0.0,0.0,0.019838647561805173,0.034980361651797576,0.0
2019-05-13,0.0,0.0,0.09343386708857267,0.01626066086335429,0.004551214731228621,0.0,0.0,0.013446825332066023,0.03309000433030102,0.0
2019-05-14,0.0,0.0,0.08688688553607883,0.009734561413429198,0.0022103965835614907,0.0,0.0,0.008155911839698556,0.03039130541166131,0.0
2019-05-15,0.0,0.0,0.0806813195715302,0.009576721414202058,0.0,0.0,0.0,0.004426600607593846,0.02611960563211182,0.0
2019-05-16,0.0,0.0,0.0753446372986719,0.010766058115587387,0.0,0.0,0.0,0.002149875019668711,0.026367146197168224,0.0
2019-05-17,0.0,0.0,0.06997865850861515,0.015488268651643308,0.0,0.0,0.0,0.0043928179349608,0.029695932698499863,0.0
2019-05-20,0.0,0.0,0.06164475459137704,0.022969835442890597,0.0,0.0,0.0,0.011261443240162185,0.03790920922636185,0.0
2019-05-21,0.0,0.0,0.052634850045913596,0.03388833116003252,0.0015510650104021073,0.0,0.0,0.021228910602003485,0.04977684297647591,0.0
2019-05-22,0.0,0.0,0.04242958377136028,0.04473913040954222,0.003193648586382265,0.0063183471556600675,0.0,0.0358848632400682,0.06151754840004909,0.0
2019-05-23,0.0,0.0,0.031106948053879292,0.05285303757186677,0.0058842255325289045,0.01832466459697206,0.0,0.05440037161205692,0.07219969537809817,0.0
2019-05-24,0.0,0.0,0.019834662462166298,0.05831275115798466,0.009701447797077193,0.038883786140558964,0.0,0.07396998860354789,0.07676572669258235,0.0
2019-05-27,0.0,0.0,0.012030330908355133,0.057877704064824405,0.014312939964090008,0.06785785745762943,0.0,0.09022496457965433,0.07393226889853069,0.0
2019-05-28,0.0,0.0,0.006529431798081834,0.05399696516204897,0.018895840121882144,0.1120694985429557,0.0,0.09873407955518307,0.06446885675139095,0.0
2019-05-29,0.0,0.0,0.003171160798027584,0.04915192023711726,0.022322797487829928,0.16671656682010286,0.0,0.09694485391584477,0.050865396763929704,0.0
2019-05-30,0.0,0.0,0.0,0.04548882834647273,0.023598048565049122,0.22623365313868504,0.0,0.08541681338997374,0.03628077224589977,0.0
2019-05-31,0.0,0.0,0.0,0.04366132147877532,0.022322797487829928,0.2864586786873617,0.0,0.06754000582499604,0.023371362905684066,0.0
2019-06-03,0.0,0.0,0.0,0.042682659233768114,0.018895840121882144,0.3412011153602392,0.0,0.04793027315990033,0.013582883892037786,0.0
2019-06-04,0.0,0.0,0.0,0.0407999540529828,0.014312939964090008,0.386823899787545,0.0,0.03052915559253899,0.006079674064678757,0.0
2019-06-05,0.0,0.0,0.0019499291716293429,0.03512115047486703,0.009701447797077193,0.42518594207254157,0.0,0.01745392907667474,0.0029527261567167474,0.0
2019-06-06,0.0,0.0,0.004014911367838262,0.029729412034108258,0.0058842255325289045,0.4538196817445679,0.0,0.00895683616991504,0.0034288217822976605,0.0
2019-06-07,0.0,0.0,0.007397383695316404,0.02251899290358213,0.003193648586382265,0.4739023110913099,0.0,0.002216614884073338,0.007059956716548446,0.0
2019-06-10,0.0,0.0,0.01219622384599847,0.015263589077084735,0.0015510650104021073,0.4818252510805002,0.0,0.004308683029592993,0.013007811112092989,0.002270123764328508
2019-06-11,0.0,0.0,0.017993584395616786,0.01187823636343009,0.0,0.4724243451939887,0.0,0.008871594275124281,0.021446254865757197,0.0046741932170728286
2019-06-12,0.0,0.0,0.023755000357174,0.010420083090170153,0.0,0.4439952493874848,0.0,0.016345712477733188,0.03164053085361498,0.008612095641690383
2019-06-13,0.0,0.0,0.031465628386703096,0.01238127220844505,0.0,0.39673621400840675,0.0,0.0294246246937564,0.04177160065516977,0.014198945269758801
2019-06-14,0.0,0.0,0.03667198288275062,0.020578452161152182,0.0,0.33772372418237484,0.0,0.04485596888675721,0.04934731539605025,0.020948280653603612
2019-06-17,0.0,0.0,0.04097083575961828,0.032804971287964925,0.0,0.27674116621234396,0.0,0.061880215605852364,0.056030895282777854,0.027655769048981486
2019-06-18,0.0,0.0,0.047684816163373535,0.047813274094468595,0.0,0.21777286099857873,0.0,0.07749122026617525,0.05730429203245937,0.03628678653586958
2019-06-19,0.0,0.0,0.05484419130249644,0.06391118883158892,0.0,0.17394356740745123,0.0,0.08839247890450033,0.05643215074992284,0.04198190683403071
2019-06-20,0.0,0.0,0.0636945584476709,0.07851887790863968,0.0,0.14229334441862856,0.0,0.09216310576283288,0.05581169163499914,0.046386889945557896
2019-06-21,0.0,0.0,0.07293174319022733,0.09166954140648872,0.0,0.11949526002361317,0.0,0.08811194870321727,0.0571069500900873,0.053558947487569335
2019-06-24,0.0,0.0,0.08344920811702403,0.09823628950700464,0.0,0.10349626126841827,0.0,0.07741614356054724,0.06008680377780066,0.06108466545428457
2019-06-25,0.0,0.0,0.09122467428216544,0.0990185677932391,0.0,0.09168186291208029,0.0,0.06257096756340229,0.06267721492940757,0.0707249560714089
2019-06-26,0.0,0.0,0.09468415321614779,0.09499253272138386,0.0,0.08077161829296983,0.0,0.04649861359806745,0.06222336852660517,0.08122326694843815
2019-06-27,0.0,0.0,0.0971694433449783,0.08799762205372787,0.003229471778648675,0.07507047107516161,0.0,0.031711365393779306,0.05561725821285912,0.09003999426911859
2019-06-28,0.0,0.0,0.09790159731888613,0.08448242143584415,0.006649494322593835,0.06811800131403413,0.0,0.019789698653269627,0.04707899266570767,0.09438497364238321
2019-07-02,0.0,0.0,0.09735577389074984,0.08075798929381467,0.012251543403444858,0.06196477185179257,0.0,0.009389710619250174,0.0356606952243301,0.09139646360172603
2019-07-03,0.0,0.0,0.09487633432648132,0.07848045325270761,0.020199380208165377,0.0572345785588893,0.0,0.005096241787458979,0.02417116078138416,0.08341938215012706
2019-07-04,0.0,0.0,0.08913094286897785,0.08050104489428281,0.0298009660288438,0.052094916690215896,0.0,0.002475100846969194,0.014660550094753066,0.06996538280156334
2019-07-05,0.0,0.0,0.07770212738674899,0.08372177373878475,0.039343020439649795,0.051830403514516454,0.0,0.0,0.011311893419450618,0.053798411839740046
2019-07-08,0.0,0.0,0.06483064152189728,0.0849191482577362,0.04647828686996622,0.05095276743604289,0.0,0.0,0.014227234770818567,0.03780546980079865
2019-07-09,0.0,0.0,0.04941011244330087,0.08670974245602878,0.049133486579166705,0.04828543205529656,0.0,0.0,0.01984123540839438,0.024194629858744807
2019-07-10,0.0,0.0,0.03304772673961444,0.08340816319272466,0.04647828686996622,0.04296691058696423,0.0,0.0038041322705369028,0.034091008720528414,0.012481960674867728
2019-07-11,0.0,0.0,0.020961147858966973,0.074420300892256,0.039343020439649795,0.0378004877400777,0.0,0.007832722398309882,0.05256835134078268,0.0067745527162753295
2019-07-12,0.0,0.0,0.011932609797042545,0.0608194009530287,0.0298009660288438,0.03364282242981869,0.0,0.014431614461864072,0.07275307217890822,0.003290209111968178
2019-07-15,0.0,0.0,0.006097099282116381,0.04384991588717286,0.020199380208165377,0.032034738895386494,0.0,0.026468872183651605,0.09037382801836548,0.002161747434208265
2019-07-16,0.0,0.0,0.0013936758245124644,0.029721892983059127,0.012251543403444858,0.034649911142470305,0.0,0.040611995730322696,0.10076565228235991,0.004451045952990015
2019-07-17,0.0,0.0,0.0,0.01802723935892314,0.006649494322593835,0.04126062935929301,0.0,0.05649249631052544,0.10084791353788915,0.008200951837569633
2019-07-18,0.0,0.0,0.0,0.009784238754400059,0.003229471778648675,0.049683362605584175,0.0,0.07148109357397225,0.09059488708712764,0.013521083734588353
2019-07-19,0.0,0.0,0.0,0.004751928703139329,0.0,0.05848635928271439,0.0,0.08256232765733353,0.07575193155361366,0.019948203999087824
2019-07-22,0.0,0.0,0.0,0.0,0.0,0.06491803555319574,0.0,0.08733890284140709,0.05843179107153061,0.026335475061808424
2019-07-23,0.0,0.0,0.0020133624279311184,0.0,0.0,0.06710397471449553,0.0,0.08484453193042128,0.04459241855992885,0.03111168769203092
2019-07-24,0.0,0.0,0.004145520676899569,0.0021008289579039266,0.0016457447558511685,0.0661903450564182,0.0,0.07580399881737986,0.03692272099130389,0.032889028245561454
2019-07-25,0.0,0.0,0.011245819978288718,0.004325614585233562,0.0033885945320290167,0.06730042569653213,0.0,0.06229442325270714,0.03541366414474803,0.03111168769203092
2019-07-26,0.0,0.0,0.02002143607562382,0.007969847369820844,0.0062434090431157845,0.07099084879430514,0.0,0.047021764850851994,0.036387115466884674,0.026335475061808424
2019-07-29,0.0,0.0,0.03226569777762991,0.013140056882857097,0.010293641291066526,0.07674033019797642,0.0,0.03251862484718106,0.03890473335211116,0.019948203999087824
2019-07-30,0.0,0.0,0.04709343301805053,0.019386059609136176,0.015186627078001771,0.08511090053160364,0.0,0.02053647339208999,0.04112727302901563,0.013521083734588353
2019-07-31,0.0,0.0,0.062268174008009915,0.02559333609213556,0.02004927554901628,0.09453173261880987,0.0,0.012501533308090047,0.03890473335211116,0.008200951837569633
2019-08-01,0.0,0.0,0.0745833839158385,0.0302349540924145,0.02624566633157512,0.10112610037540666,0.0,0.010352707346105895,0.03293214579430446,0.004451045952990015
2019-08-02,0.0,0.0,0.08653202886933409,0.031962208832643425,0.031512291181350606,0.1067557433215404,0.0,0.011601114476158055,0.024944952042470447,0.002161747434208265
2019-08-05,0.0,0.0,0.09101511835208013,0.0302349540924145,0.03587351920058619,0.10586002997524215,0.0,0.014716406967051473,0.01690792741727309,0.0
2019-08-06,0.0,0.0,0.09187113851323804,0.02559333609213556,0.040623672666306836,0.09761052167410202,0.0,0.021711712912580203,0.010255176370771968,0.0
2019-08-07,0.0,0.0,0.09177668436156879,0.022103261119562196,0.046331629559776856,0.08287399336613403,0.0,0.028663646811740353,0.005565971144131332,0.0
2019-08-08,0.0,0.0,0.09290897273124647,0.01873478483074507,0.05257768750167665,0.06426694604879159,0.0,0.033862097631752644,0.0027032351422075157,0.0
2019-08-09,0.0,0.0,0.09533336476587083,0.018278007503308685,0.05773629511722763,0.04390823659996315,0.0,0.035796562902305616,0.0,0.0
2019-08-12,0.0,0.0,0.0967676602967621,0.021320897459098036,0.05964266993646521,0.028284409264484375,0.0,0.033862097631752644,0.0,0.002131549589570714
2019-08-13,0.0,0.0,0.09312719641715271,0.027174660053468372,0.060923185360618665,0.016353715752068787,0.0,0.028663646811740353,0.0,0.004388868479324031
2019-08-14,0.0,0.0,0.08731391973370649,0.033102290990779375,0.05701651103846235,0.008486601353913579,0.0,0.021711712912580203,0.0,0.008086391243879523
2019-08-15,0.0,0.0,0.0740550601633976,0.039105736151665876,0.0539769349427915,0.002512688722258978,0.0,0.016923099020918486,0.0,0.013332205246987437
2019-08-16,0.0,0.0,0.0619888603647245,0.0413397586651994,0.053001297114388446,0.0,0.0,0.013469539117227699,0.0,0.019669543894937747
2019-08-19,0.0,0.0,0.05173541778572346,0.039105736151665876,0.0554345126242604,0.0,0.0,0.013215994777488527,0.002562186847683877,0.025967590001885196
2019-08-20,0.0,0.0,0.04571761983401279,0.033102290990779375,0.060266730299735435,0.0,0.0,0.016155054299049974,0.0052755521846447355,0.033547132381590905
2019-08-21,0.0,0.0,0.04374271094241406,0.025073831095564443,0.06461676637004733,0.0,0.0,0.020362944605426276,0.009720085984237823,0.03833903800141809
2019-08-22,0.0,0.0,0.04360726633050444,0.01699528287386447,0.06418710110557867,0.001359643243024388,0.0,0.02936127143960715,0.01602571251524709,0.04156509762601188
2019-08-23,0.0,0.0,0.044399595247688786,0.01030816013348784,0.05958114435881325,0.0027995104601987843,0.0,0.036861270953177656,0.023643384565920408,0.04391889156579554
2019-08-26,0.0,0.0,0.04673709821355541,0.005594727947887975,0.055510980800362805,0.005158034919284539,0.0,0.042974510826114275,0.031213825798102706,0.046153828193095006
2019-08-27,0.0,0.0,0.04828969537908712,0.002717201510426022,0.05117079864005694,0.008504161886438438,0.0,0.04725929468918721,0.03687477813196296,0.048296566384253656
2019-08-28,0.0,0.0,0.05096713325839443,0.0,0.050332819086495936,0.01635721297375369,0.0,0.04975192492909343,0.041406795805006266,0.04939190335258388
2019-08-29,0.0,0.0,0.05577523742738638,0.0,0.05700209247998067,0.024410044733254387,0.0,0.05055431771605907,0.041868777852562544,0.048054071340965315
2019-08-30,0.0,0.0,0.06185606307236914,0.0,0.07110545769106585,0.03402431652095831,0.0,0.055905221746120407,0.04041515771379799,0.043437061698275076
2019-09-02,0.0,0.0,0.0666818226652716,0.0,0.08920066934820302,0.04452038828931991,0.0,0.05932793410522275,0.038813816214099184,0.03496436113726621
2019-09-03,0.0,0.0,0.06738655688693224,0.0,0.1037103789035273,0.05473209638623758,0.0,0.06462701928399554,0.03840726648032957,0.026484284298157256
2019-09-04,0.0,0.0,0.061248949191772865,0.0,0.11344259334617827,0.06298740173826085,0.0,0.07265413268415909,0.039268052122888815,0.017951301563910345
2019-09-05,0.0,0.0,0.051846116159589485,0.0,0.11133708216581938,0.06738948688167164,0.0,0.08226032374141236,0.04018234966154159,0.01088801478025897
2019-09-06,0.0,0.0,0.03927162503370748,0.0,0.09805227974367367,0.06648016746866812,0.0,0.09390888086913501,0.03946313094123817,0.005909442596864375
2019-09-09,0.0,0.0,0.029261279456795138,0.0,0.07749414015280275,0.0600009863691862,0.0,0.10202993174594928,0.03490679747689686,0.002870049535837997
2019-09-10,0.0,0.0,0.02158616236811919,0.0,0.05496754834168524,0.04922306660160375,0.0,0.10302262739041335,0.029547966138650992,0.0
2019-09-11,0.0,0.0,0.01878781507514901,0.0,0.03499422490628328,0.03652386815631748,0.0,0.09510649964512963,0.02359302498218413,0.0
2019-09-12,0.0,0.0,0.020784435246698364,0.0,0.019996666775216394,0.02383464844936793,0.0,0.08139250062065813,0.017664854947822883,0.003901394857066118
2019-09-13,0.0,0.0,0.024385384050962845,0.0,0.010256539582038258,0.014456445048013827,0.0,0.06553627642955735,0.01379725061861296,0.008032986423282236
2019-09-17,0.0,0.0,0.03219340816727756,0.0,0.0025157354714997653,0.007846199136398493,0.0,0.0515778427671282,0.012571388644508494,0.014800596413733802
2019-09-18,0.0,0.0,0.038032017964047274,0.0,0.0,0.003810677541983714,0.0,0.04308299086272347,0.013604674398641775,0.02440205812637095
2019-09-20,0.0,0.0,0.0402047013790141,0.0,0.0,0.0,0.0,0.040791389443855665,0.01771751942925101,0.036001347455398056
2019-09-23,0.0,0.0,0.038032017964047274,0.0,0.0,0.0,0.0,0.04279341320161218,0.02352753040359654,0.04999327337203683
2019-09-24,0.0,0.0,0.03219340816727756,0.0,0.002248986045815547,0.0,0.0,0.04295105526714151,0.029656066485546254,0.06476869957305063
2019-09-25,0.0,0.0,0.024385384050962845,0.0,0.007248775564666259,0.0,0.0,0.04959964635810733,0.0359416800664977,0.07600634441280098
2019-09-26,0.0,0.0,0.016528646873083964,0.0,0.01392259399993359,0.0,0.0,0.05324850006395626,0.04206182086282179,0.0902862791862658
2019-09-27,0.0,0.0,0.010025131092088774,0.0,0.02399895599991451,0.0,0.0,0.05568955761425889,0.04722456227504216,0.10330256082890268
2019-09-30,0.0,0.0,0.0054411146485723065,0.0,0.03712868947266935,0.0,0.0,0.06007521104014048,0.050159917968925785,0.11874342969945907
2019-10-01,0.0,0.0,0.0026425958651095905,0.0,0.05155764570544093,0.0,0.0,0.06775984932917589,0.04961109159846363,0.13997268081508357
2019-10-02,0.0,0.0,0.0,0.0,0.06804091471137613,0.0,0.0,0.07774553220586232,0.04507695234466098,0.16007004849298712
2019-10-03,0.0,0.0,0.004421619423846544,0.0,0.07967608224578954,0.0,0.0,0.08674210231034044,0.03725680365333219,0.17659030918137825
2019-10-04,0.0,0.0,0.01112876312089792,0.0,0.08937219534440263,0.0,0.0,0.09069852828291518,0.02730308251341374,0.18542548127162828
2019-10-07,0.0,0.0,0.020942881226941084,0.0,0.09455546153166235,0.0,0.0,0.08563012416803696,0.01850629083666496,0.18243634786332494
2019-10-08,0.0,0.0,0.03533669012651321,0.0,0.10210967249991833,0.0,0.0,0.07499690022361408,0.01122463278999626,0.1719196324317991
2019-10-09,0.0,0.0,0.053465353333602916,0.0,0.1098887830371706,0.0,0.0,0.058934377025268624,0.0060921411737638025,0.15235518702138937
2019-10-10,0.0,0.0,0.07254928377957535,0.0,0.11999390627750034,0.0,0.0,0.04155729263394923,0.0029587810798429592,0.1270115102096358
2019-10-11,0.0,0.0,0.08830064765054807,0.0,0.13252518389502166,0.0,0.0,0.026297728371528314,0.0,0.09934379615381592
2019-10-14,0.0,0.0,0.09640927220257552,0.0,0.14222480156010753,0.0,0.0,0.014935330781339249,0.0,0.07146046393950903
2019-10-15,0.0,0.0,0.0944385228961766,0.0,0.14590548183331245,0.0,0.0,0.007613133105775697,0.0,0.050238817301182216
2019-10-16,0.0,0.0,0.0830046914481607,0.0,0.14600412871017157,0.0,0.0,0.001660142207078796,0.0,0.036234525785719014
2019-10-17,0.0,0.0,0.06546695507693363,0.0,0.1405853894385948,0.0,0.0,0.0,0.0,0.02664309559377452
2019-10-18,0.0,0.0,0.0463388390714688,0.0,0.13382136599833297,0.0,0.0,0.0,0.0,0.0274247404630641
2019-10-21,0.0,0.0,0.029437625805287044,0.0019730285418316285,0.12528525479387229,0.0,0.0,0.0,0.0,0.032446132963675815
2019-10-22,0.0,0.0,0.01678491363518349,0.007046171991159793,0.11882632648748734,0.0,0.0,0.0,0.0,0.03764263722587671
2019-10-23,0.0,0.0,0.00859034500003346,0.0162692569238733,0.11361059455738882,0.0,0.0,0.0,0.0,0.044469521454513446
2019-10-24,0.0,0.0,0.002024632392794498,0.03198377784354465,0.11277933349543431,0.0,0.0,0.0,0.0,0.047009964925776755
2019-10-25,0.0,0.0,0.0,0.05283050908182545,0.10931923017875142,0.0,0.0,0.0,0.0,0.044469521454513446
2019-10-28,0.0,0.0,0.0017385878957420261,0.08145698550517043,0.10406675439869567,0.0,0.0,0.0,0.0,0.03764263722587671
2019-10-29,0.0,0.0,0.0035797589000466155,0.11214978663665778,0.09157060563445897,0.0,0.0,0.0,0.0027918279154631057,0.028512985039499134
2019-10-30,0.0,0.0,0.006595625082161311,0.14094625198577077,0.07690762383160508,0.0,0.0,0.0,0.005748383991545156,0.019326374357298625
2019-10-31,0.0,0.0,0.010874347366522633,0.16209557508104525,0.0590943506529137,0.0020127189884255373,0.0,0.0,0.010591267930372648,0.011722038588785658
2019-11-01,0.0,0.0,0.016043366336784326,0.17102604419935216,0.04051525410682675,0.005622420619205445,0.0,0.0,0.01746204872048951,0.006362106918173226
2019-11-04,0.0,0.0,0.0211803365400294,0.1682624492575272,0.025965277645786034,0.010679257703946806,0.0,0.0,0.02576246970701422,0.0030898958248860115
2019-11-05,0.0,0.0,0.025021611119562456,0.15316177504712744,0.015022002177578904,0.018196849287029193,0.0,0.0020495709900252585,0.03401142671945266,0.0
2019-11-06,0.0,0.0,0.026451039333090714,0.13124591940300387,0.006568121590669306,0.027818851148295368,0.0,0.00422007424001354,0.04017975311144225,0.0
2019-11-07,0.0,0.0,0.025021611119562456,0.10778789744903595,0.003189951338664405,0.038160720822792676,0.0,0.011226046047481798,0.04247513179172205,0.0
2019-11-08,0.0,0.0,0.0211803365400294,0.08695381801149005,0.0,0.04697534734015496,0.0,0.019924363748022016,0.04017975311144225,0.0
2019-11-11,0.0,0.0,0.016043366336784326,0.06980258897784354,0.0,0.05189618259076846,0.0,0.03404944270081479,0.03401142671945266,0.0
2019-11-12,0.0,0.0,0.010874347366522633,0.05691764481333634,0.0,0.05145673337230081,0.0,0.05324193496971655,0.0276123093853753,0.0
2019-11-13,0.0,0.0,0.006595625082161311,0.04716156017008666,0.0,0.04579442401996329,0.0,0.07420242428816,0.02127087545193651,0.0
2019-11-14,0.0,0.0,0.0035797589000466155,0.03818105660152526,0.0,0.03658146170383657,0.0,0.095416328684084,0.017608945328482114,0.0
2019-11-15,0.0,0.0,0.0017385878957420261,0.030521925014390817,0.0,0.02622973927459089,0.0,0.11798042451628128,0.01731857798871976,0.0
2019-11-18,0.0,0.0,0.0,0.02128643026236389,0.0,0.016881441387487612,0.0,0.1344078491610254,0.01986180504860059,0.0040880867117886735
2019-11-19,0.0,0.0,0.0,0.014428146313375315,0.0,0.012865725133248709,0.0,0.14506638862919946,0.022535660709903448,0.00841738564183543
2019-11-21,0.0,0.0,0.0,0.008751113101881931,0.0,0.011467376048248995,0.0,0.14944385307898142,0.02662273744045165,0.015508843309193615
2019-11-22,0.0,0.0,0.0,0.004749644593429638,0.0,0.01329032338823222,0.0,0.15200653720676854,0.028143634389768565,0.025569759847822875
2019-11-25,0.0,0.0,0.0,0.002306768368983117,0.0028776797802513568,0.019474858216077275,0.0,0.1492494603523579,0.02662273744045165,0.0377241052318344
2019-11-26,0.0,0.0,0.0,0.0,0.005925153298299229,0.028732049307100053,0.0,0.14422970683338993,0.02444322728132236,0.049803091677197646
2019-11-27,0.0,0.0,0.0,0.0,0.010916961393518517,0.037931844292167054,0.0,0.13686194154313142,0.020997663750646007,0.06190501519184179
2019-11-28,0.0,0.0,0.0,0.0,0.017999026460906092,0.04481117923374986,0.0,0.12973642371963487,0.018806868056137398,0.06851688178634661
2019-11-29,0.0,0.0,0.0,0.0,0.029091941796505576,0.047371140843420735,0.0,0.11932581468763853,0.018948935848245252,0.07048049796018312
2019-12-02,0.0,0.0,0.0,0.0,0.04028151752990902,0.04481117923374986,0.0,0.10908114004512566,0.021411496916848023,0.06900261082424392
2019-12-03,0.0,0.0,0.0,0.0,0.051040798504618505,0.037931844292167054,0.0,0.09467742356119918,0.025088757914311803,0.06604993562736164
2019-12-04,0.0,0.0,0.0,0.0,0.05965101146368838,0.028732049307100053,0.0,0.0777811273714663,0.02745353804177374,0.06296531686240593
2019-12-05,0.0,0.0,0.0,0.0,0.06482857040700217,0.019474858216077275,0.0,0.060719072076884324,0.029021896755789634,0.059686473983282265
2019-12-06,0.0,0.0,0.006428894702176694,0.0,0.06596731303489609,0.01181209860160735,0.0,0.04350534242911198,0.02745353804177374,0.05511878472518541
2019-12-09,0.0,0.0,0.01636728929644723,0.0,0.0630705409935204,0.006410986763285817,0.0,0.02647582443272159,0.02323891823595073,0.04826571738587732
2019-12-10,0.0,0.0,0.030834125813328155,0.0,0.05660094061971901,0.003113635386524475,0.0,0.016058399259614487,0.017602670185401022,0.03739555701458306
2019-12-11,0.0,0.0,0.05208564438777115,0.0,0.049088377457832885,0.0,0.0,0.008715655749685169,0.01394553509836442,0.028325830395527236
2019-12-12,0.0,0.0,0.07890293255473112,0.0,0.040243974222214075,0.0,0.0,0.004232948087554083,0.011384077118832265,0.019199519147046273
2019-12-13,0.0,0.0,0.10720461103722076,0.0,0.03257160642039537,0.0,0.0,0.0,0.011569183268903521,0.011645097014423315
2019-12-16,0.0006663311833786551,0.0,0.13065740676604615,0.0,0.02622481565119311,0.006502750102851936,0.0,0.0,0.014506264640557648,0.006320347072491255
2019-12-17,0.0013719783681458851,0.0,0.14285897056183555,0.0,0.02490276376157569,0.015947982152499568,0.0,0.0,0.02080757363231726,0.003069614246081979
2019-12-18,0.0025278392176098534,0.0,0.14014683375662465,0.0,0.02539317065922521,0.029937844025864496,0.0,0.0,0.02911031859880801,0.0
2019-12-19,0.004167702286983335,0.0,0.1233691343872901,0.0,0.02636406935948933,0.05037997823395725,0.0,0.0,0.03741201209733554,0.0
2019-12-20,0.006148780457259667,0.0,0.09745794042890536,0.0,0.025187994965138762,0.07601067242907678,0.0,0.004587820697138621,0.04453209761912121,0.0017316774199984011
2019-12-23,0.008117575617338864,0.0,0.07174682003009908,0.0,0.02764297657023683,0.10283180524702115,0.0,0.009446339763794692,0.04947691856381725,0.0035655302049617224
2019-12-24,0.009589782482767541,0.0,0.04942654970102127,0.0,0.02802644533070978,0.12475954664230189,0.0,0.017404668085297784,0.05158651870415424,0.006569409032195733
2019-12-26,0.010137625128749274,0.0,0.03517035082417163,0.0,0.02975451298726727,0.135759422612791,0.0,0.028695446481706126,0.05054034148461845,0.010831124407310646
2019-12-27,0.009589782482767541,0.0,0.032544943488338,0.0,0.0342239977996937,0.13251679119013426,0.0,0.04233555767409852,0.046377069734303715,0.01597959774953719
2020-01-02,0.008117575617338864,0.0,0.033953684942004785,0.0,0.04149544495453447,0.1160456864170991,0.0,0.05589109793568165,0.03959446717230979,0.021096149711017097
2020-01-03,0.006148780457259667,0.0,0.04401324834616686,0.0,0.04989910029514633,0.09117868350180333,0.0,0.06602753053281113,0.031195008661792374,0.02645401681881662
2020-01-06,0.004167702286983335,0.0,0.05746970570449395,0.0,0.05975219200566164,0.06428484864957561,0.0,0.06979953444423828,0.022501894698319667,0.029500009519075006
2020-01-07,0.0025278392176098534,0.0,0.06882912476793586,0.0,0.06459635769003054,0.04067377599394003,0.0,0.06602753053281113,0.013886703744869052,0.030733526837355217
2020-01-08,0.0013719783681458851,0.0,0.07577184111642264,0.0,0.0669661005471939,0.02309640745976044,0.0,0.05589109793568165,0.008422711583609323,0.030677480204064123
2020-01-09,0.0006663311833786551,0.0,0.07673547285827294,0.0,0.06634801737520495,0.011771319836379305,0.0,0.04233555767409852,0.004571405496576675,0.030115323776368257
2020-01-10,0.0,0.0,0.07144001962858344,0.0,0.06451169536109512,0.0025587956681843004,0.0,0.028695446481706126,0.002220202668613598,0.02949300796721352
2020-01-13,0.0,0.0,0.06308917111446471,0.0,0.06254650261929179,0.0,0.0,0.017404668085297784,0.0,0.03167711102740361
2020-01-14,0.0,0.0,0.05193506449526186,0.0,0.06016940625282214,0.0,0.0,0.009446339763794692,0.0,0.03629659669063115
2020-01-15,0.0,0.0,0.04180475537713802,0.0,0.056159951578101656,0.0,0.0,0.004587820697138621,0.0,0.04437291265729346
2020-01-16,0.0,0.0,0.03491286359022946,0.0,0.04950833869878685,0.0,0.0,0.0,0.0,0.05491001056149978
2020-01-17,0.0,0.0,0.03081870213827997,0.0,0.038677599122999784,0.0,0.0,0.0,0.0,0.07159754018649157
2020-01-20,0.0,0.0,0.031580413525630374,0.0028776860617436895,0.029296932585789425,0.0,0.0,0.0,0.0,0.0916536178289434
2020-01-21,0.0,0.0,0.03288521876903102,0.005925166231915148,0.023000565450149484,0.0,0.0,0.0,0.0,0.1114625361187227
2020-01-22,0.0,0.0,0.03149998195588443,0.010916985223414312,0.018515415157384012,0.0,0.0,0.0,0.0,0.1257636451990492
2020-01-23,0.0,0.0,0.029797706201561133,0.017999065749762164,0.018459859529383026,0.0,0.0,0.0,0.0,0.12983223046139497
2020-01-24,0.0,0.0,0.025223213743281216,0.02655475274151029,0.022832274543319764,0.0,0.0,0.0,0.0,0.12106898180065188
2020-01-27,0.0,0.0,0.019105704836638635,0.03505739306799307,0.029001395835062324,0.0,0.0,0.0038252832455566723,0.0,0.10302694343135121
2020-01-28,0.0,0.0,0.012950029732818724,0.04141541634879753,0.03828743363597261,0.0,0.0,0.00787627233401179,0.0,0.07905998326145305
2020-01-29,0.0,0.0,0.00785459007714476,0.04378138568311055,0.04523125840775862,0.0,0.0,0.014511854236737816,0.0,0.054700364579571004
2020-01-30,0.0,0.0,0.004263058979947809,0.04141541634879753,0.05096272457268135,0.0,0.0,0.02392600275740941,0.0,0.034116015450826064
2020-01-31,0.0,0.0,0.0020704474654075437,0.03505739306799307,0.051711985670542956,0.0,0.0,0.03529900363434672,0.0,0.021218372100482788
2020-02-03,0.0,0.0,0.0,0.0304290743761858,0.052634754861948435,0.002565902413762089,0.0,0.04660149003697435,0.0,0.012585824147774692
2020-02-04,0.0,0.0,0.0,0.02597630830812789,0.05531030201504986,0.005283202548925865,0.0,0.0550531555102343,0.0,0.010304328374121006
2020-02-05,0.0,0.0,0.0028323573138692004,0.025614874822559246,0.06126416525361209,0.009734181607979309,0.0,0.05819821812646857,0.0034887977736718263,0.012779573343056851
2020-02-06,0.0,0.0,0.005831834172587529,0.03015788944842758,0.0716437048796152,0.016048952269933463,0.0,0.0550531555102343,0.007183447504351932,0.018854223601653043
2020-02-07,0.0,0.0,0.01074502300789667,0.03862920684700703,0.08440349312577747,0.02367767111990325,0.0,0.04660149003697435,0.015910623853996945,0.024891210030426734
2020-02-10,0.0,0.0,0.01771554798728151,0.04719889991625722,0.09572953961030632,0.03125909065941111,0.0,0.03529900363434672,0.027329805878307738,0.02940549015827043
2020-02-11,0.0,0.0,0.02613646747130956,0.05575891189187393,0.10024104938153454,0.03692825224720657,0.0,0.025977287357755164,0.04234311623525916,0.03108535949458175
2020-02-12,0.0,0.0,0.03450517587076585,0.06152325805212393,0.09894815694522466,0.03903788001602662,0.0,0.018735456806731696,0.059235357619292654,0.02940549015827043
2020-02-13,0.0,0.0,0.04076304881268966,0.06106901091742702,0.08903987848487978,0.03692825224720657,0.0,0.01565816486520149,0.07489750660647694,0.027927186848522162
2020-02-14,0.0,0.0,0.043091749860910064,0.05698263767615,0.07299415644863928,0.03125909065941111,0.0,0.018951963271655454,0.08567052470844794,0.02510531108565617
2020-02-17,0.0,0.0,0.04076304881268966,0.051882177336950594,0.05445441078043343,0.02367767111990325,0.0,0.023657392515165337,0.08871294407761116,0.024297061126867872
2020-02-18,0.0,0.0,0.03450517587076585,0.048030935981746535,0.03691440421176082,0.016048952269933463,0.0,0.033701952000854025,0.08320427571829901,0.026740330144808366
2020-02-19,0.0,0.0,0.02613646747130956,0.04611611846942783,0.022702756913459653,0.009734181607979309,0.0,0.04388588840316105,0.07069643741358177,0.032222376386495034
2020-02-20,0.0,0.0,0.01771554798728151,0.04509349438807048,0.011278497909360563,0.005283202548925865,0.0,0.0524001884287041,0.05441301487116665,0.03902896419237807
2020-02-21,0.0,0.0,0.01074502300789667,0.0431109412253643,0.0058385399775472534,0.002565902413762089,0.0,0.057499114151402464,0.037922361879867215,0.04506584471732017
2020-02-24,0.0,0.0,0.005831834172587529,0.03711625182970475,0.001666734577083632,0.0,0.0,0.058040916785127614,0.026122009454124434,0.04901525028119355
2020-02-25,0.0,0.0,0.0028323573138692004,0.03408833831276702,0.0,0.0,0.0,0.05777128231799729,0.0181789905316443,0.04889965407220251
2020-02-26,0.0,0.0,0.0021896003401849612,0.029295977971261603,0.0,0.0,0.0,0.053917857344062084,0.013875210029416775,0.04556922724468391
2020-02-27,0.0,0.0,0.004508395189290596,0.0262601650189297,0.0,0.0,0.0,0.05056621817597372,0.016469789885189507,0.040678954653805416
2020-02-28,0.0,0.0,0.008306616512747054,0.02648447383157245,0.0,0.0,0.0,0.049828180487408336,0.020351595173390413,0.0357074204179073
2020-03-02,0.0,0.0,0.013695295332114988,0.032055790254619354,0.0,0.0,0.0,0.05619316179386671,0.026868029181040677,0.03126781768711708
2020-03-03,0.0,0.0030947510511549585,0.02020522544460837,0.039444677803113136,0.0,0.0,0.0,0.06681954687493466,0.03174082604620044,0.027129709192955723
2020-03-04,0.0,0.010188017813346675,0.026674792920657567,0.04641903758377853,0.0,0.0,0.0,0.0809635007121161,0.03355410785504684,0.02278630672140149
2020-03-05,0.0,0.024366401986409335,0.03151254437785363,0.053798303903182104,0.0,0.0,0.0,0.09768335547623545,0.03174082604620044,0.01671829332370919
2020-03-06,0.0,0.043652365758788655,0.03331278496981728,0.05786561602925786,0.0,0.0,0.0,0.11219721791264163,0.026868029181040677,0.012663524199021529
2020-03-09,0.0,0.07299016493440343,0.03151254437785363,0.058190004464730466,0.0,0.0,0.0,0.12618486466533407,0.020351595173390413,0.00858345799340059
2020-03-10,0.0,0.11241900023844298,0.026674792920657567,0.05495465087314703,0.0,0.0,0.0,0.135720655990369,0.013794506136213518,0.005206130439352937
2020-03-11,0.0,0.15837528601146825,0.02020522544460837,0.04874796180857497,0.0,0.0,0.0,0.13879465759654272,0.008366790907207555,0.0028256141825711905
2020-03-12,0.0,0.207433578532643,0.013695295332114988,0.040444885105251155,0.0,0.0,0.0,0.13374590309968007,0.0045410546903146155,0.0013723210844706051
2020-03-13,0.002211737843624331,0.25583282134757035,0.008306616512747054,0.031159177513277726,0.0,0.0,0.0,0.12034173330441181,0.0022054621383525964,0.0
2020-03-16,0.004553976390652909,0.3016147779088053,0.004508395189290596,0.022107734410642923,0.0,0.0,0.0,0.10036298867109934,0.0,0.0
2020-03-17,0.00839059884881343,0.3449915901289698,0.0021896003401849612,0.013175008377095915,0.0,0.0,0.0,0.07547872215782406,0.0,0.0
2020-03-18,0.015498244509097243,0.387945591796521,0.0,0.007991046522679457,0.0,0.0,0.0,0.05532834080489319,0.0,0.0
2020-03-19,0.02583945063478982,0.43046461784226797,0.0,0.0043371203720503895,0.0,0.0,0.0,0.038091426656660744,0.0,0.0
2020-03-20,0.0373826836731126,0.47260734082944555,0.0,0.0021064169939279346,0.0,0.0,0.0,0.026394072446832645,0.0,0.0
2020-03-23,0.05141017977020893,0.5116130385190749,0.0,0.0,0.0,0.0,0.0,0.0188065264386038,0.0,0.0
2020-03-24,0.06476920636918726,0.5443636995648384,0.0,0.0,0.0,0.0,0.0,0.017205726075184086,0.0,0.0
2020-03-25,0.07800358522671706,0.5719386659515368,0.0,0.0,0.0,0.0,0.0,0.019612372932300604,0.0,0.0
2020-03-26,0.08811894213644579,0.592182543483653,0.0,0.0,0.0,0.0,0.0,0.021036235267070387,0.0024185008714985605,0.0
2020-03-27,0.09457248634586625,0.6095198791632203,0.0,0.0,0.0,0.0,0.0020454198263597048,0.02223798794612387,0.004979702228872586,0.0
2020-03-30,0.09849033795732924,0.618739276539663,0.0,0.0,0.0,0.0,0.004211526978690883,0.021036235267070387,0.009174989109467376,0.0
2020-03-31,0.09763141076527952,0.6206226073465375,0.0,0.0,0.0,0.0,0.01034112888019409,0.017806788714074512,0.01512699970322089,0.0
2020-04-01,0.09671902646466878,0.6163275714764191,0.0,0.0,0.0,0.0,0.018108777215040887,0.013488021499644101,0.02231747705267637,0.0
2020-04-02,0.09374670369776827,0.6038879412212416,0.0,0.0,0.0,0.0,0.028668052537081202,0.009142310160802209,0.029463372260987303,0.0
2020-04-03,0.09460440432024456,0.5847633622148497,0.0,0.0,0.0,0.0,0.04106473358145796,0.005545091413128876,0.03480686161865418,0.0
2020-04-04,0.09887397586627145,0.5599272303277738,0.0,0.0,0.0,0.0,0.05325897811781863,0.0030095843973010528,0.03679529912510953,0.0
2020-04-06,0.10646486593292535,0.5301265594675251,0.0,0.0,0.0,0.0,0.06256813883983509,0.0014616702270908626,0.03480686161865418,0.0
2020-04-07,0.1175155481701043,0.49855430071533846,0.0,0.0,0.0,0.0,0.06659003113285464,0.0,0.029463372260987303,0.0
2020-04-08,0.13151165175915772,0.4657834863368563,0.0,0.0,0.0,0.0,0.06419327500901198,0.0,0.02231747705267637,0.0
2020-04-09,0.14377560490664867,0.43535768879701225,0.0,0.0,0.0,0.0,0.05816511051918301,0.0,0.01512699970322089,0.0
2020-04-10,0.15160682995605815,0.4121196006179115,0.0,0.0,0.0,0.0,0.048644230211562445,0.0,0.009174989109467376,0.0
2020-04-13,0.15588013100749354,0.3965023238544966,0.0,0.002841919777712702,0.0,0.0,0.03969134893643153,0.0,0.004979702228872586,0.0
2020-04-14,0.15426608890130727,0.38970423853053304,0.0,0.005851523320967077,0.0,0.0,0.03372946747037094,0.003026306884055559,0.0024185008714985605,0.0
2020-04-15,0.15095256325959588,0.38841587785125936,0.0,0.010781299819973835,0.0,0.0,0.03156626682912522,0.006231177054092241,0.0,0.0
2020-04-16,0.14203654173800054,0.39222441717640694,0.0,0.01777535833898632,0.0,0.0,0.033575358740310875,0.011480803265500262,0.0,0.0017556450114645118
2020-04-17,0.12852581945322208,0.39637919044269937,0.0,0.026224708112406445,0.0,0.0,0.039877575973130096,0.018928644548553773,0.00221732304019914,0.0036148795643318296
2020-04-20,0.11747344572080146,0.3970761762345593,0.0,0.036817373179818945,0.0,0.0,0.04497960884996643,0.027926198098666536,0.004565476331033345,0.0066603341144536
2020-04-21,0.10756137288202526,0.3939025450760631,0.0,0.04542163085985241,0.0,0.0,0.054392019665501286,0.0368679653382422,0.008411787229744776,0.010981034524469352
2020-04-22,0.10757264535950299,0.388110609863544,0.0,0.05156700073631069,0.0,0.0,0.06353756701634042,0.04355435475350213,0.013868692530283916,0.016200766234054385
2020-04-23,0.11683656692649488,0.38056438436216633,0.0,0.054634134451555905,0.0,0.0,0.07361408282924563,0.04604251681505699,0.02046104537367927,0.0213881347493056
2020-04-24,0.14057143415869933,0.37127008432967895,0.0,0.054883206964995955,0.0,0.0,0.08363879185790718,0.04355435475350213,0.02701252454615469,0.025267095697865734
2020-04-27,0.17238264058297606,0.36303583772280584,0.0,0.05297384239808236,0.0,0.0,0.0914001134262969,0.0394225225476283,0.0319115271503887,0.026710547891725875
2020-04-28,0.2084836959042967,0.3529373536768144,0.0,0.04937572666251102,0.0,0.0,0.09679770827278611,0.033186040829870644,0.03597684387189147,0.025267095697865734
2020-04-29,0.24695569132652317,0.3377495313885981,0.0,0.04418692591941431,0.0,0.0,0.09576147609424697,0.028619786218933282,0.036528396426421174,0.0213881347493056
2020-04-30,0.2800722609817749,0.31983146713140853,0.0,0.037451891644491773,0.0,0.0,0.09155539770142475,0.027458794674823334,0.035519002118614446,0.016200766234054385
2020-05-01,0.30354745703496866,0.29681711306697584,0.0,0.029591054063388612,0.0,0.0,0.08615552311507975,0.029804156734226813,0.03448585588612726,0.010981034524469352
2020-05-04,0.3137928802539031,0.27404543602045767,0.0,0.0202615364362072,0.0,0.0,0.08168671761530821,0.03414718465967328,0.03456006510385828,0.0066603341144536
2020-05-05,0.3129243549672827,0.25460532697502825,0.0,0.013733463461567657,0.0,0.0,0.07995437051880754,0.036764973017745055,0.0357283880841812,0.0036148795643318296
2020-05-06,0.30990853399956575,0.23672696105757168,0.0,0.008329766653483978,0.0,0.0,0.08057275671726669,0.03886527301241977,0.0368362271945164,0.0017556450114645118
2020-05-07,0.30762650912526707,0.21614755774869895,0.0,0.004520959869864159,0.0,0.0,0.08031952063943365,0.036764973017745055,0.03633162912223245,0.0
2020-05-08,0.3091389709342579,0.19829640794399012,0.0,0.0021957026510301906,0.0,0.0,0.0780335195839452,0.031120877775617718,0.0347430649979885,0.0
2020-05-11,0.31015509066146874,0.17927528586249947,0.0,0.0,0.0,0.0,0.0722078624576618,0.02357297968013457,0.032407104790637825,0.0025886259066634555
2020-05-12,0.3066452094392209,0.159902602499591,0.0,0.0,0.0,0.0,0.06039012621622811,0.015977991409323072,0.032148825694533624,0.005329990304755199
2020-05-13,0.2963440993472585,0.14476524240987063,0.0,0.0,0.0,0.0,0.0512383231256991,0.011687680971022723,0.03376765303482511,0.009820386993454286
2020-05-14,0.2790763484226241,0.1338857972583254,0.0,0.0,0.0,0.0,0.04587637247483795,0.011809665380150155,0.03920496790101172,0.01619108092261496
2020-05-15,0.2623023799444345,0.12725309695065287,0.0,0.0,0.0,0.0,0.04523511014050678,0.015150552481580678,0.04773505611525319,0.025635939183969402
2020-05-18,0.246701844122964,0.12469538430943257,0.0,0.0,0.0,0.0,0.05336321158782785,0.02174028787643277,0.05700191983825296,0.03513625192787307
2020-05-19,0.23021910984070484,0.12458864883251365,0.0,0.0,0.0,0.0,0.06863206282246091,0.033678539689815906,0.06293307133594195,0.043888818240945204
2020-05-20,0.2189391296439698,0.1282529479440582,0.0,0.0,0.0,0.0,0.09023273850023676,0.04682892138231416,0.06549226352082296,0.050320441671989125
2020-05-21,0.21787796807959559,0.1285392338329581,0.0,0.0,0.0,0.0,0.10892370285187802,0.05844640831112888,0.061738621691165604,0.053390857456529855
2020-05-22,0.2242892013691391,0.1275502858859208,0.0,0.0,0.0,0.0,0.12623706005639965,0.06547656832569163,0.052724981789554225,0.05283798342588836
2020-05-25,0.2426564030921338,0.12064240200634105,0.0,0.0,0.0,0.0,0.13140349701380133,0.06584030102082726,0.04078263775009929,0.04905277435839307
2020-05-26,0.2695076747404477,0.10645665121979422,0.0,0.0014710902285543913,0.0,0.0,0.13004351439620848,0.05942386009383914,0.028557437867696198,0.042794139395772625
2020-05-27,0.29627917094955525,0.08943373290233685,0.0,0.0030289802151139494,0.0,0.0,0.12345154120594001,0.04813607622868856,0.018089738762847692,0.034985802058018135
2020-05-28,0.3272655790777206,0.07195601453449092,0.0,0.005580827770248934,0.0,0.0,0.1179323909320451,0.034993849674232504,0.010356748609670657,0.02663205425619545
2020-05-29,0.35326242296754173,0.05348220799052319,0.0,0.009201229452923385,0.0,0.0,0.11630581376743553,0.022829052722053232,0.004279256951800272,0.018724196512761537
2020-06-01,0.37301805593693743,0.04144343300565463,0.0,0.0154210156735041,0.0,0.0,0.12250975144865951,0.01336341340778694,0.0020783143633145216,0.010936844303396486
2020-06-02,0.3865289635305903,0.034619404004476814,0.0,0.021722608963898132,0.0,0.0,0.12816485516557358,0.007018327527514431,0.0,0.006633531390513429
2020-06-03,0.3877247607226119,0.03167981011328579,0.0,0.030767102066487667,0.0,0.0,0.13413525656881642,0.0024389408532804885,0.0,0.0036003324534249616
2020-06-04,0.37766868972220574,0.033103346918762065,0.0,0.039264693038923874,0.0,0.0,0.1377390641158963,0.0,0.0,0.001748579890140177
2020-06-05,0.34938453700391764,0.03628191405997076,0.0,0.05043959605542908,0.0,0.0,0.14253045840118606,0.0,0.0,0.0
2020-06-08,0.3139146840363797,0.036269721096454724,0.0,0.06156399302690866,0.002313983632015724,0.0,0.1460493208256093,0.0,0.0,0.0
2020-06-09,0.2729742546355696,0.03430968610579881,0.0,0.07316491651513944,0.004764500846668494,0.001815684931635913,0.14822667902405268,0.0,0.0,0.0
2020-06-10,0.2295673115772563,0.02904252227529212,0.0,0.08387307033630288,0.008778485413600426,0.00373850198176499,0.14695731327168315,0.0,0.0,0.0
2020-06-11,0.19214636838802135,0.0219986978642259,0.0,0.09159614106142497,0.014473275625933833,0.006888105632007186,0.13947784578674238,0.0,0.0,0.0
2020-06-12,0.16344326777626642,0.01491092811602036,0.0,0.0970506360511642,0.021353011370130643,0.011356566270319595,0.1223034392797701,0.0,0.0,0.0
2020-06-15,0.14066862676639258,0.009043935067137483,0.0,0.09624181193127211,0.028190091622198248,0.016754803471113352,0.10619064228578512,0.0,0.0,0.0
2020-06-16,0.12125535611433363,0.004908572977501647,0.0,0.0904960193220037,0.03330265827752051,0.022119570714194813,0.08843497598132068,0.0,0.0,0.0
2020-06-17,0.10277212080700257,0.0023839554010019032,0.0027834158455780785,0.0833691172351409,0.035205164039436077,0.026131185191332035,0.07622300449059045,0.0,0.0027365569929589184,0.0
2020-06-18,0.08150511580472174,0.0,0.005731063508575907,0.07567281596184677,0.03330265827752051,0.027624000869224924,0.07524232905334202,0.0,0.0056345809579264805,0.0
2020-06-19,0.06396985529413646,0.0,0.010559355330921987,0.06870991340663389,0.028190091622198248,0.026131185191332035,0.08418843418252166,0.0,0.01038158840615899,0.0
2020-06-22,0.04904612931551802,0.0,0.01740943373897187,0.06156020913492699,0.021353011370130643,0.022119570714194813,0.10255278982401862,0.0,0.017116345628888165,0.0
2020-06-23,0.03872216684897746,0.0,0.025684844687797966,0.0552640442584189,0.0165811687354847,0.016754803471113352,0.13149774123792132,0.0,0.02525243989507409,0.0
2020-06-24,0.03464985460316608,0.0,0.0339089467288813,0.04615496688927384,0.013118645113171522,0.011356566270319595,0.15879104050067794,0.0,0.03333808903984289,0.0
2020-06-25,0.03464818928938335,0.0,0.0400586873074704,0.03728656956912804,0.012761147261795516,0.006888105632007186,0.18370590519752097,0.0,0.03938429863226046,0.0
2020-06-26,0.04281321524652246,0.0,0.04234714977140169,0.026425579295290994,0.01851700235707795,0.00373850198176499,0.20228388176127918,0.0,0.04163423479208516,0.0
2020-06-29,0.04904084243576024,0.0,0.0400586873074704,0.01791151075069075,0.025666920696929958,0.00346943328232487,0.21406405853423394,0.0,0.03938429863226046,0.0
2020-06-30,0.05589793146947117,0.0,0.0339089467288813,0.010863880432066389,0.03713163506613765,0.0034050739633670066,0.21835210225766882,0.0,0.03578463817980007,0.0
2020-07-01,0.06342490254859605,0.0,0.025684844687797966,0.005896343740173311,0.04921817243759976,0.006273772023893956,0.21362856764673738,0.0,0.030289893612319263,0.0
2020-07-02,0.06823467531138665,0.0,0.021062425180397876,0.0028636877907241443,0.05992640355684732,0.010343701383317357,0.20048742595642607,0.0,0.02639774055390849,0.0
2020-07-03,0.07333509229252178,0.0,0.018080878203746136,0.0,0.0671128617007265,0.015260482765314628,0.17699726668418167,0.0,0.028733589545932265,0.0
2020-07-06,0.07931497871582453,0.0,0.019589299859466173,0.0,0.06912539024624435,0.020146779294791556,0.1453979509330855,0.0,0.037065188388755985,0.0
2020-07-07,0.08535419236845132,0.0,0.02563178489168058,0.0,0.06537921318131003,0.023800607505607998,0.11425596109844756,0.0,0.051788734180465396,0.0
2020-07-10,0.09353880208102623,0.0,0.03370912685143375,0.0,0.05663023620822026,0.02516028253632694,0.08851503545952823,0.0,0.06894570500192787,0.0
2020-07-13,0.09766989214963048,0.0,0.044502546173673795,0.0,0.044772887345652816,0.023800607505607998,0.06939166792344675,0.0,0.09048259240855812,0.0
2020-07-14,0.0975429883127077,0.0,0.052573546321303746,0.0,0.03219687975796959,0.020146779294791556,0.05807967260732254,0.0,0.11098458752998532,0.0
2020-07-15,0.09706621551845751,0.0,0.05557695445668766,0.0,0.020989444776949914,0.015260482765314628,0.05282489570854029,0.0,0.12698895579786215,0.0
2020-07-16,0.09462999298245352,0.0,0.052573546321303746,0.0,0.011452239989225716,0.010343701383317357,0.050992465287454644,0.0,0.1349765140544028,0.0
2020-07-17,0.09106173444167563,0.0,0.044502546173673795,0.0,0.009196909560012121,0.006273772023893956,0.05346627648442831,0.0,0.1354157004990842,0.0
2020-07-20,0.08604184023884104,0.0,0.03370912685143375,0.0,0.00915715187781316,0.0034050739633670066,0.05891525083575835,0.0,0.12551543498002865,0.0
2020-07-21,0.07742334977748165,0.0,0.022848369046102504,0.0,0.011309816083294656,0.001653748350688957,0.0680350932386622,0.0,0.10956917508455405,0.0
2020-07-22,0.067332839941562,0.0,0.013858236350890266,0.0,0.018646734344234313,0.0,0.07568577898003923,0.0,0.09373164989174482,0.0
2020-07-23,0.05676758248179866,0.0013841242064196618,0.007521522872824149,0.0,0.027510284524312773,0.0,0.08251501383647247,0.0,0.079341332646015,0.0
2020-07-24,0.043510940953718276,0.002849916854267543,0.00519762836605624,0.0,0.036318879236768506,0.0,0.08758599927307598,0.0,0.07195219171582687,0.0
2020-07-27,0.035823453822657496,0.005250907564148104,0.0031804131340312618,0.0,0.04290568616996638,0.0,0.09261174368985128,0.0,0.0687845065086428,0.0
2020-07-28,0.03216660717291926,0.008657282991491174,0.0058598395099118804,0.0,0.04535679125824703,0.0,0.09652949963577091,0.0,0.06614951550911313,0.0
2020-07-29,0.03675561105450983,0.012772441217143087,0.00966124204288073,0.0,0.04290568616996638,0.0,0.10107376862812004,0.0,0.06359729408735063,0.0
2020-07-30,0.04431370695306112,0.01686208478557102,0.014253622781947535,0.0,0.036318879236768506,0.0,0.1039891525814059,0.0,0.058568669511530905,0.0
2020-07-31,0.05278054939219161,0.019920199444057703,0.018817530005787418,0.0,0.027510284524312773,0.0,0.10607758310426618,0.0,0.056147589777520227,0.0
2020-08-03,0.06845722059022917,0.02105819551347084,0.022230285016748706,0.0,0.018646734344234313,0.0,0.10604784743300445,0.0,0.051229510467970175,0.0
2020-08-04,0.08424276647044113,0.019920199444057703,0.023500251065132836,0.0,0.011309816083294656,0.0,0.1094702386059097,0.0,0.04862298488645196,0.0
2020-08-05,0.09907086298488024,0.01686208478557102,0.022230285016748706,0.0,0.006138374191638781,0.0,0.10869147253961589,0.0022177469122087123,0.050237099827578506,0.0
2020-08-06,0.11337405492816692,0.012772441217143087,0.018817530005787418,0.0,0.0029812351521716885,0.0,0.11116819102741796,0.004566349085066927,0.05613186410716675,0.0
2020-08-07,0.12584324977944375,0.008657282991491174,0.014253622781947535,0.0,0.0,0.0,0.11218424598773793,0.008413395259378944,0.06483456452509877,0.0
2020-08-10,0.13432327348721992,0.005250907564148104,0.00966124204288073,0.0,0.0,0.0,0.11401347641228399,0.013871343722945687,0.07423582996769193,0.0
2020-08-11,0.1363559533041263,0.002849916854267543,0.0058598395099118804,0.0022925605680951685,0.0,0.0,0.11509612824810744,0.020464956785892666,0.07956894320900766,0.0
2020-08-12,0.13017891773053875,0.0013841242064196618,0.0031804131340312618,0.004720390678914711,0.0,0.0,0.11865304467885628,0.027017688364351415,0.0787132333324979,0.0015280042819966959
2020-08-13,0.11456193553631584,0.0,0.0015446369246302342,0.008697213423799269,0.0,0.0,0.12146648110161706,0.03191762748078555,0.07401836443207918,0.0031461664614042834
2020-08-14,0.09449176751594118,0.0,0.0,0.015967350186829217,0.0,0.0,0.12105563623386212,0.03374100955686017,0.06582130164180375,0.005796740787549288
2020-08-17,0.07124891937821064,0.0,0.0,0.02450752426197046,0.0,0.0,0.1167868635588297,0.03191762748078555,0.05613844611239716,0.009557209837167522
2020-08-18,0.048909524940963706,0.0,0.0,0.03410545996127305,0.0,0.0,0.11569858398049822,0.027017688364351415,0.04623217415986251,0.014100139843539762
2020-08-19,0.02876427556650714,0.0,0.0,0.04317742668511768,0.0020775699229632965,0.0,0.11522895729269564,0.020464956785892666,0.03661653349680772,0.018614902937353798
2020-08-20,0.01649889666493494,0.0,0.0,0.04990275388807575,0.004277724146366979,0.0,0.126248562381436,0.013871343722945687,0.027538588916502703,0.021990909419526205
2020-08-21,0.008494551668290242,0.0,0.0,0.0528282852059956,0.007881610315705263,0.0,0.14384981688001022,0.008413395259378944,0.01733515591339756,0.023247200479890383
2020-08-24,0.0022237631853086123,0.0,0.0,0.05136014375346669,0.01299457857487282,0.0,0.16510279377396894,0.004566349085066927,0.011749934714318686,0.021990909419526205
2020-08-25,0.0,0.0,0.0,0.04856424574254508,0.02241947588530803,0.0,0.18446343865668216,0.0022177469122087123,0.007126695653856086,0.018614902937353798
2020-08-26,0.0,0.0,0.0,0.04643269512623207,0.03199772243726615,0.0,0.20132554188520999,0.0,0.003867996115154398,0.014100139843539762
2020-08-27,0.002588266155366572,0.0,0.0,0.04792617139595996,0.04222222110557562,0.0,0.20665580412690354,0.0,0.0018785765785782522,0.009557209837167522
2020-08-28,0.005329249575505919,0.0,0.0,0.054131140731213286,0.051923902181789355,0.0,0.20364338395808756,0.0,0.0,0.005796740787549288
2020-08-31,0.009819022216509229,0.0,0.0,0.06739985071464116,0.05987258057760357,0.0,0.18816716828003993,0.0,0.0,0.0031461664614042834
2020-09-02,0.016188830785835884,0.0,0.0,0.08834506548917369,0.06487928787059356,0.0,0.16389224385231432,0.0,0.0,0.0015280042819966959
2020-09-03,0.02388403957564865,0.0,0.0,0.11232376077959128,0.06591703984483283,0.0,0.1351642594667889,0.0,0.0,0.0
2020-09-04,0.03153153680644647,0.0,0.0,0.13339030363443546,0.06241066016044231,0.0,0.10546082287415817,0.0,0.0,0.0
2020-09-07,0.03725010933995191,0.0,0.0,0.14595933717704498,0.054627220607843974,0.0,0.08036106992538396,0.0,0.0,0.0
2020-09-08,0.03937812407861559,0.0,0.0,0.15236323833937424,0.043847028977521,0.0,0.060660777921872404,0.0,0.0,0.0
2020-09-09,0.03725010933995191,0.0,0.0,0.14796520147369696,0.03204993848747208,0.0,0.0455095701272019,0.0,0.0,0.0
2020-09-10,0.034411988368501206,0.0,0.0,0.13727625558822476,0.02031555848853352,0.0,0.03947835930915229,0.0,0.0,0.0
2020-09-11,0.029814899982920584,0.0,0.0,0.12396992863770992,0.012322009092480827,0.0,0.033011890436880284,0.0,0.0,0.0
2020-09-14,0.02711630739899295,0.0,0.0,0.1129929460176382,0.006687739397826608,0.0,0.03309685618905522,0.0,0.0,0.0
2020-09-15,0.02783538534369948,0.0,0.0,0.10716110831642432,0.0032480463326139087,0.0,0.0385525624158454,0.0,0.0,0.0
2020-09-17,0.03190952184047734,0.0,0.0,0.10253325880646097,0.002529506179626874,0.0,0.04716461608997395,0.0022472014921726814,0.0,0.0
2020-09-18,0.040378684284193826,0.0,0.0,0.10206004805603627,0.005208262568386021,0.0,0.05699438390950619,0.0046269961740242295,0.0,0.0
2020-09-21,0.04701315663697387,0.0,0.0,0.10496156976123422,0.009596106383053173,0.001414987178294973,0.06477044622406153,0.008525136153739633,0.0,0.0
2020-09-22,0.05406383840072976,0.0,0.0,0.11012077046093013,0.015821304709641038,0.0029134638273731967,0.06658101828932585,0.014055573312285212,0.0027354238821651056,0.0
2020-09-23,0.05833874645084702,0.0,0.0,0.11315501334489182,0.02334181342818649,0.005367991429685981,0.06298294470024231,0.020736758181620428,0.007763126489247682,0.0
2020-09-24,0.060000040199508275,0.0,0.0,0.11036755428108383,0.030815693756866512,0.008850321651059269,0.05659596702910448,0.02737651860687753,0.014764776691329069,0.0
2020-09-25,0.05946489692537356,0.0,0.0,0.10342948061931465,0.03640444069935313,0.01305723899196376,0.047141193059353916,0.03234153532424488,0.02519310413234771,0.0
2020-09-28,0.056864956892934734,0.0,0.0,0.08951982782573097,0.03848414429576494,0.01723807275405136,0.03982330298312921,0.03418913429940251,0.038569992233406694,0.0
2020-09-29,0.051995402927845116,0.0,0.0,0.0708780757643489,0.03640444069935313,0.020364376745734155,0.03937892637742126,0.03234153532424488,0.05298763715029399,0.0
2020-09-30,0.044779454173016424,0.0,0.0,0.04951003543317759,0.030815693756866512,0.021527747662665752,0.04657666456331237,0.02737651860687753,0.06532740680180124,0.0
2020-10-01,0.03576507622245688,0.0,0.0,0.03257544678510849,0.02334181342818649,0.020364376745734155,0.058346376306611554,0.020736758181620428,0.07228442171133703,0.0017996239573835084
2020-10-02,0.02490895644067756,0.0,0.0,0.019224524751886737,0.015821304709641038,0.01723807275405136,0.07135207483238666,0.014055573312285212,0.07178737806482283,0.0065848795726477964
2020-10-05,0.0168835292536118,0.0,0.0,0.010174964998605056,0.009596106383053173,0.01305723899196376,0.08725732199739852,0.008525136153739633,0.06399171109760023,0.012755968043897599
2020-10-06,0.012368559202206642,0.0,0.0,0.0038709200350620864,0.005208262568386021,0.008850321651059269,0.09908125709897632,0.0046269961740242295,0.051201399564040226,0.022179776062037908
2020-10-07,0.00993987211604281,0.0,0.0,0.0,0.002529506179626874,0.005367991429685981,0.10462759801924756,0.0022472014921726814,0.03999574613659133,0.03461667690152749
2020-10-08,0.010772946553151563,0.0,0.0,0.0,0.0,0.0029134638273731967,0.10263378832246803,0.0,0.030341746240976818,0.04849491215569491
2020-10-09,0.016837363773636167,0.0,0.0,0.0,0.0,0.001414987178294973,0.0953399255948197,0.0,0.02594359951131619,0.06097888507537032
2020-10-12,0.026898975511271874,0.0013659100657696707,0.0,0.0,0.0,0.0,0.08237588718209243,0.0,0.02728265981249894,0.06882041014849986
2020-10-13,0.03930388955221209,0.0028124138713822985,0.0,0.0026225803882051744,0.0,0.0,0.0678857868448108,0.0,0.03187337510713589,0.06970821674543388
2020-10-14,0.057272030208663637,0.005181809163534988,0.0,0.0053999027076846815,0.0,0.0,0.058090352802819205,0.0,0.03926582938471204,0.06336467044050367
2020-10-15,0.07436428007578295,0.008543358988628975,0.0,0.009949199019959717,0.0,0.0,0.050857598869338355,0.0,0.04638709641343542,0.05168544386028292
2020-10-16,0.09334042131694384,0.01260436450864121,0.0,0.016403456050636454,0.0,0.0,0.05184657076541972,0.0,0.04903708661751065,0.04085941114217498
2020-10-19,0.11020740545203495,0.0166401911271031,0.0,0.02420068494591936,0.0,0.0,0.056827271197118535,0.0,0.04638709641343542,0.033869178942381145
2020-10-20,0.12453278179272426,0.01965806306007778,0.0,0.031949569740768916,0.0,0.0,0.0622780182590206,0.0,0.03926582938471204,0.031873975916624955
2020-10-21,0.13464185889474542,0.020781083869054535,0.0,0.037743956899834515,0.0,0.0,0.07031885828963297,0.0,0.02974249649650428,0.037272833903860034
2020-10-22,0.13873242831354587,0.01965806306007778,0.0,0.03990018403584963,0.0,0.0,0.07607688288611912,0.0,0.02015974899912415,0.04830159974699613
2020-10-23,0.13533302607955106,0.0166401911271031,0.0,0.037743956899834515,0.0,0.0,0.07869402493808969,0.0,0.012227505860079875,0.06267188121818781
2020-10-26,0.12401213100817747,0.01260436450864121,0.0,0.031949569740768916,0.0,0.0,0.07915462081500418,0.0,0.006636448006479114,0.0776103666747542
2020-10-27,0.10500000104228864,0.008543358988628975,0.0,0.02420068494591936,0.0,0.0,0.07854430504715386,0.0022704846492338795,0.003223135551010332,0.08626423057881726
2020-10-28,0.08339644179492924,0.005181809163534988,0.0,0.016403456050636454,0.0,0.0020758852428947247,0.0772213600969017,0.004674936280426174,0.0,0.08606371257816497
2020-10-29,0.06083290198193383,0.0028124138713822985,0.0,0.009949199019959717,0.0,0.004274255383882223,0.07449240689868587,0.008613464719169565,0.0,0.07707151855957448
2020-10-30,0.039076574622891644,0.0013659100657696707,0.0,0.0053999027076846815,0.0,0.00787521919901631,0.06819652716297646,0.014201202496919968,0.0,0.06195127490524637
2020-11-03,0.02413571085238716,0.0,0.0,0.0026225803882051744,0.0,0.012984041404844215,0.06000875782188167,0.02095161083251287,0.0,0.044697050485898504
2020-11-04,0.013497348050424926,0.0,0.0,0.0,0.0,0.01915588363777859,0.048609631683221514,0.030553706957136335,0.0,0.028944204922937034
2020-11-05,0.004835565549136778,0.0,0.0,0.0,0.0,0.025289459434678453,0.03459057111229515,0.03863443706077564,0.0,0.01682181606822771
2020-11-06,0.006314187878841025,0.0,0.0,0.0,0.0,0.02987596623890074,0.023445820408592295,0.04552050165982568,0.0,0.008773645544856488
2020-11-09,0.00816537061935103,0.0,0.0,0.0,0.0,0.03348005305295797,0.01422060891992741,0.0507748609036295,0.0,0.0027884108520666966
2020-11-10,0.015044511310924708,0.0,0.0,0.0,0.0,0.033782596802848654,0.007718199671912068,0.05436122866319211,0.0,0.0
2020-11-11,0.026728177924793036,0.0,0.0,0.0,0.0,0.03248733818957933,0.003748511813555841,0.05620216182822438,0.0,0.0
2020-11-12,0.04055611796096502,0.0,0.0,0.0,0.0,0.031023179444904212,0.0,0.05584480797495521,0.0,0.0
2020-11-13,0.05953759906728577,0.0,0.0,0.001696062174294647,0.0,0.030492344905138212,0.0,0.05263607546184999,0.0,0.0
2020-11-16,0.07719282271814093,0.0,0.0,0.0034921982824873935,0.0,0.030989555217820305,0.0,0.04631854175846142,0.0,0.0
2020-11-17,0.0929850037217754,0.0,0.0,0.006434296618008147,0.0,0.031580616926171784,0.0,0.03752103564494539,0.0032630091710391875,0.0
2020-11-18,0.10507294121064877,0.0,0.0,0.010608361696103932,0.0,0.030942197637702944,0.0,0.026701063136030424,0.006718547937420168,0.0
2020-11-19,0.11223642426203892,0.0,0.0,0.01565094687407711,0.0,0.02730636154228956,0.0,0.01809823633652967,0.012378773132228139,0.0
2020-11-20,0.11370304369211215,0.0,0.0,0.020662267195322142,0.0,0.023114336018803996,0.0,0.013595702831871422,0.020409146568275784,0.0036423161129851226
2020-11-23,0.1090064700251257,0.0,0.0,0.024409584504606056,0.0,0.017508303500293997,0.003918949510154029,0.011349452870119238,0.030110442859678312,0.007499542332127435
2020-11-24,0.10264576183491422,0.0,0.0,0.025804049017888617,0.0,0.011867295807125623,0.00806913151884087,0.01515674726597548,0.039751589519904956,0.015914044677719955
2020-11-25,0.09153575569279047,0.0,0.0,0.024409584504606056,0.0,0.007197878754900873,0.014867192937555708,0.021174250427896113,0.049763684804968705,0.027097901870225895
2020-11-26,0.08060983744599641,0.0,0.002324008800153485,0.020662267195322142,0.0,0.003906630563947914,0.024511857231750814,0.03299998072221716,0.055414560267434486,0.04156330938075866
2020-11-27,0.07118831919608576,0.0,0.004785142704899249,0.01565094687407711,0.0,0.0018973402402958602,0.036163338535109515,0.046469321001083384,0.05759358329312026,0.05748426729776637
2020-11-30,0.06932174009574413,0.0,0.00881651757210345,0.01312754972079709,0.003909541468019211,0.0,0.0477425787397533,0.05917990708378534,0.05728183125716068,0.07176423950449175
2020-12-02,0.07068439122265235,0.0,0.01453598005462841,0.011621314067268186,0.008049760325329969,0.0,0.05640119253126556,0.06821496331169515,0.055973520494020566,0.08095278610280036
2020-12-03,0.07171769830153679,0.0,0.021445521760554885,0.013049161012436162,0.017436673929426067,0.0,0.05962326546236466,0.07120828765813474,0.05800214662516429,0.08258978202140621
2020-12-04,0.07119450556090763,0.0,0.02831222317249156,0.017452829910449545,0.029817071471029136,0.0,0.05640119253126556,0.06733780739195194,0.05981642876339672,0.07626590504954808
2020-12-07,0.06363262538020045,0.0,0.03344693965619894,0.023246599410001546,0.04894714988049078,0.0,0.0477425787397533,0.057685738114424186,0.06244297191517174,0.063780491033745
2020-12-08,0.05386385449115035,0.0,0.0353576878878893,0.030689992896700914,0.07007374815888989,0.0,0.036163338535109515,0.04475418740936359,0.06517058191816091,0.048319845153546634
2020-12-09,0.044241712137832956,0.0,0.03344693965619894,0.03625594267929033,0.09163930409767568,0.0,0.024511857231750814,0.03142767765466337,0.0659686869589285,0.03316206931451625
2020-12-10,0.03792043550639493,0.0,0.02831222317249156,0.038327162918714595,0.10990335219324189,0.0,0.014867192937555708,0.01996027731905695,0.0678774716787368,0.020611315580479597
2020-12-11,0.04022335457965025,0.0,0.021445521760554885,0.03625594267929033,0.12132702521832425,0.0,0.00806913151884087,0.011454892582958147,0.0671643836318416,0.01159500859131062
2020-12-14,0.05061292436716384,0.0,0.01453598005462841,0.030689992896700914,0.12365812793796187,0.0,0.0066857644829851955,0.0047958931234275744,0.0631022575699528,0.004316303811084817
2020-12-15,0.0729549740167978,0.0,0.00881651757210345,0.023246599410001546,0.11656535286485624,0.0,0.0056968822502628585,0.0023292299751122964,0.05540497454906794,0.002096306977601067
2020-12-16,0.10005224824858418,0.0,0.004785142704899249,0.017530677526443633,0.10164214910842873,0.0,0.01049637713295831,0.0,0.04481712464206265,0.0
2020-12-17,0.13246734437318342,0.0,0.002324008800153485,0.013209449541353656,0.0818669587871559,0.0,0.01730560024439879,0.0,0.031824438379358055,0.0
2020-12-18,0.15933393247404132,0.0,0.0,0.011916642068742586,0.060739163729410746,0.0,0.025531654916005973,0.0,0.021570909148173143,0.0
2020-12-21,0.174438331039818,0.0,0.0,0.013614463278661289,0.04136051466690736,0.0,0.036543341602825775,0.0,0.013083417756242737,0.0
2020-12-22,0.1741612427385295,0.0,0.0,0.01636931022222721,0.024049788391768277,0.0,0.0456604106902257,0.0011158668547326283,0.0071009920322200005,0.0
2020-12-23,0.15887316757194472,0.0,0.0,0.021610645307025292,0.01393863991861247,0.0,0.05285583330774419,0.0022975739761441796,0.003448751477318068,0.0
2020-12-24,0.13263308011554423,0.0,0.0,0.02552996086220043,0.006151211176934108,0.0,0.057562071986182656,0.00423322826154027,0.0,0.0
2020-12-28,0.10145758624836788,0.0,0.0,0.026988429950075044,0.0029874697137372698,0.0,0.059882646993584844,0.006979413478530368,0.0,0.0
2020-12-29,0.07115681537922033,0.0,0.0,0.02552996086220043,0.0,0.0,0.06008894252617187,0.011418422714347051,0.0,0.0
2020-12-30,0.04575117964631465,0.0,0.0,0.024173090722319067,0.0,0.0,0.05813021180306125,0.015903029657488632,0.0,0.0
2021-01-04,0.025448832904545304,0.0,0.0,0.023309528036977594,0.0,0.0,0.053653206680679834,0.0203137212982864,0.0,0.0
2021-01-05,0.012549823173390108,0.0,0.0,0.024242798643460045,0.0,0.0,0.04652149380892531,0.02399099055551181,0.0,0.0
2021-01-06,0.004723407454188997,0.0,0.0,0.029070123236956687,0.0,0.0019481497668048554,0.037324102582997065,0.026407630396194884,0.0,0.0
2021-01-08,0.004427643700010916,0.0,0.0,0.03770691314185687,0.0,0.004011247566731142,0.02617594029668521,0.02725561831525405,0.0,0.0
2021-01-11,0.004393127280791827,0.0,0.0,0.04834719816830186,0.0,0.0073906332243621016,0.017742303046392065,0.026436258536324718,0.0,0.0
2021-01-12,0.008094237989586498,0.0,0.0,0.060809523698945864,0.0,0.012185094200948867,0.010761250771549645,0.02404065858430443,0.0,0.0
2021-01-13,0.013345142343540301,0.0,0.0,0.07046663281955196,0.0,0.017977164378239114,0.005840641750435109,0.020372474620686448,0.0,0.0
2021-01-14,0.021625650924697808,0.0,0.0,0.07607299586390756,0.0,0.023733322768646033,0.0028366349059261425,0.015959151072668806,0.0,0.0
2021-01-15,0.03180963371357914,0.0,0.0,0.08012024292864912,0.0,0.028037607984641316,0.0,0.011464035104256708,0.0,0.0
2021-01-18,0.041820179004361226,0.0,0.0,0.08194474474127718,0.0,0.029639333297275472,0.0,0.007014087554339315,0.0013923354558104297,0.0
2021-01-19,0.05151332032821872,0.0,0.0,0.08381649904151232,0.0,0.028037607984641316,0.0,0.006955618349935391,0.002866823847097237,0.0
2021-01-20,0.06001812072980394,0.0,0.0,0.08575115445297893,0.0,0.023733322768646033,0.0,0.007871097007495581,0.009130510215184379,0.0
2021-01-21,0.06646371069646294,0.0,0.0,0.08638775546498437,0.0,0.017977164378239114,0.0,0.011369470199841402,0.01663261857554029,0.0
2021-01-22,0.06984192055250123,0.0,0.0,0.08391161059626871,0.0,0.012185094200948867,0.0,0.016896193949252774,0.027447961511215993,0.0
2021-02-08,0.07168740255743465,0.0,0.0,0.07609033306533024,0.0,0.0073906332243621016,0.0,0.024927641180539514,0.041033034030630446,0.0
2021-02-09,0.069054562424371,0.0,0.0,0.06532494836876376,0.0,0.004011247566731142,0.0,0.03290929211922167,0.05555117471279973,0.0
2021-02-10,0.06400495254608801,0.0,0.0,0.054871556969416646,0.0,0.0019481497668048554,0.0,0.03887773492507986,0.068066864235536,0.0
2021-02-11,0.05827368612657096,0.0,0.0,0.04353796473697296,0.0,0.0,0.0,0.04109873224273595,0.07542497186636445,0.0
