fecha,conf,4,7,9,11,14,21,33,36,42
2018-12-04,1,0.323003275384228,0,0,0,0.343411438649534,0,0,0,0
2018-12-06,2,0.541906429822367,0,0,0,0,0,0,0,0
2018-12-07,3,0,0,0,0,0.43175355450237,0,0,0,0
2018-12-10,4,0.390412782956059,0,0,0,0,0,0,0,0
2018-12-26,5,0,0,0,0,0,0,0,0,0
2018-12-27,6,0,0,0,0,0.232060566161949,0,0,0,0
2018-12-28,7,0,0,0,0,0,0,0,0,0
2019-01-02,8,0,0,0,0,0.395245641838352,0,0,0.407923930269414,0
2019-01-03,9,0,0,0,0,0.462403598971722,0,0,0,0
2019-01-04,10,0.267441860465116,0,0,0,0.493023255813953,0,0,0,0
2019-01-07,11,0,0.224942025251224,0,0,0,0,0,0,0
2019-01-08,12,0,0,0,0,0.165807820551682,0,0,0.151561079114883,0
2019-01-09,13,0,0,0,0,0,0,0,0,0
2019-01-10,14,0,0,0,0,0.135456475583864,0,0,0,0
2019-01-11,15,0,0,0,0.122219564697441,0.216933747907199,0,0,0,0
2019-01-14,16,0,0,0,0.227199261140614,0,0,0,0,0
2019-01-15,17,0,0,0,0,0,0,0,0,0
2019-01-16,18,0,0,0,0,0,0,0,0,0
2019-01-17,19,0,0,0,0,0,0,0,0,0
2019-01-18,20,0,0.1658,0,0,0,0,0,0,0
2019-01-21,21,0,0,0,0,0,0,0,0,0
2019-01-22,22,0,0,0,0.275761725436494,0,0,0,0,0
2019-01-23,23,0,0,0,0,0,0,0,0,0
2019-01-24,24,0,0,0,0,0,0,0.242550967067433,0,0
2019-01-25,25,0,0.271299699298363,0,0,0,0,0,0,0
2019-01-28,26,0,0,0,0,0,0,0,0,0
2019-01-29,27,0,0,0,0,0.264491776759234,0,0,0,0
2019-01-30,28,0,0.416821044831419,0,0,0,0,0,0,0
2019-01-31,29,0,0,0,0,0,0,0,0,0
2019-02-01,30,0,0,0,0,0.216949152542373,0,0,0,0
2019-02-04,31,0.265297906602254,0,0,0,0,0,0,0,0
2019-02-05,32,0,0,0,0,0,0,0,0,0
2019-02-06,33,0.3,0,0,0,0,0,0,0,0
2019-02-07,34,0,0,0,0.362604445845814,0,0,0,0,0
2019-02-08,35,0,0,0,0,0,0,0,0,0
2019-02-11,36,0,0,0,0,0,0,0.169183712483273,0,0
2019-02-12,37,0,0,0,0,0,0,0.305193001943904,0,0
2019-02-13,38,0,0,0,0,0.251976994967649,0,0,0,0
2019-02-14,39,0,0,0,0,0,0,0.276780544296468,0,0
2019-02-15,40,0,0,0,0,0,0,0.200564971751412,0,0
2019-02-18,41,0,0,0,0,0.363763483819417,0,0,0,0
2019-02-20,42,0,0,0,0,0.636669303797468,0,0,0,0
2019-02-21,43,0,0,0,0,0.327958160819351,0,0,0,0
2019-02-22,44,0.24611581920904,0,0,0,0.463629943502825,0,0,0,0
2019-02-25,45,0,0,0,0,0,0,0,0,0
2019-02-26,46,0,0,0,0,0,0,0,0,0
2019-02-27,47,0,0,0,0,0,0,0,0.471584038694075,0
2019-02-28,48,0,0.475257389571571,0,0,0,0,0,0,0
2019-03-01,49,0,0,0,0,0,0,0.157620041753653,0,0
2019-03-04,50,0,0,0,0,0.211695297588062,0,0,0,0
2019-03-05,51,0,0,0,0,0,0,0,0,0
2019-03-07,52,0,0,0,0,0,0,0,0,0
2019-03-11,53,0,0,0,0,0,0,0,0,0
2019-03-12,54,0.242910647405029,0,0,0,0,0,0,0,0
2019-03-13,55,0.340808279940858,0,0,0,0,0,0,0.328486939379004,0
2019-03-14,56,0.491949396204715,0,0,0,0,0,0,0,0
2019-03-15,57,0,0,0,0,0.46239837398374,0,0.271680216802168,0,0
2019-03-18,58,0,0,0,0,0,0,0.29483282674772,0,0
2019-03-19,59,0,0,0,0,0,0,0.418434390839121,0,0
2019-03-20,60,0,0.313831221353464,0,0,0,0,0.38285252089512,0,0
2019-03-21,61,0,0,0,0,0,0,0,0.236602179230598,0
2019-03-22,62,0.188405797101449,0,0,0,0,0,0.308519982433026,0,0
2019-03-25,63,0,0,0,0,0,0,0,0.369413031771675,0
2019-03-26,64,0,0.226670591698558,0,0,0,0,0,0,0
2019-03-27,65,0,0.228860515538424,0,0,0.534569983136594,0,0,0,0
2019-03-28,66,0.376081424936387,0.225699745547074,0,0,0,0,0,0,0
2019-03-29,67,0,0,0,0,0,0,0,0.187620064034152,0
2019-04-01,68,0.298564593301435,0,0,0,0,0,0,0,0
2019-04-02,69,0,0.25021645021645,0,0,0,0,0,0,0
2019-04-03,70,0,0,0,0.350628072091753,0,0,0,0,0
2019-04-04,71,0.404767414950243,0.185605183985189,0,0,0,0,0,0,0
2019-04-05,72,0,0,0,0,0.599613152804642,0,0,0.197643748901002,0
2019-04-08,73,0,0,0,0,0,0,0.332847424684159,0,0
2019-04-09,74,0,0,0,0,0.576485872036375,0,0,0,0
2019-04-10,75,0,0,0,0,0,0,0,0,0
2019-04-12,76,0,0.360416666666667,0,0,0.318402777777778,0,0,0,0
2019-04-15,77,0,0,0,0,0,0,0,0,0
2019-04-16,78,0,0,0,0,0,0,0,0.355125357029514,0
2019-04-17,79,0.226108510052327,0,0,0,0,0,0,0.542825667860094,0
2019-04-22,80,0,0,0,0,0.495120250958522,0,0,0,0
2019-04-23,81,0,0.342587292501431,0,0,0,0,0,0.34315970234688,0
2019-04-24,82,0,0,0,0,0,0,0,0,0
2019-04-25,83,0,0,0,0,0,0,0.288456680980045,0,0
2019-04-26,84,0,0.252200303490137,0,0,0,0,0,0,0
2019-04-29,85,0,0,0,0,0,0,0.200535554894377,0.531984528414162,0
2019-04-30,86,0.587719298245614,0,0,0,0,0,0,0,0
2019-05-01,87,0.522282145898382,0,0,0,0,0,0,0,0
2019-05-02,88,0,0,0,0,0,0,0,0.214635184003404,0
2019-05-03,89,0.249848392965434,0,0,0,0,0,0,0,0
2019-05-06,90,0,0,0,0,0,0,0,0,0
2019-05-07,91,0,0,0,0.24300744162176,0,0,0,0,0
2019-05-08,92,0,0,0,0,0.393830845771144,0,0,0.17592039800995,0
2019-05-09,93,0,0,0,0,0.210732714138287,0,0,0,0
2019-05-10,94,0,0,0,0,0,0,0,0,0
2019-05-13,95,0,0,0,0,0,0,0,0,0
2019-05-14,96,0,0,0,0,0.208440721649485,0,0,0,0
2019-05-15,97,0,0,0,0,0,0,0,0,0
2019-05-16,98,0,0,0,0,0,0,0,0,0
2019-05-17,99,0,0,0,0,0,0,0,0,0
2019-05-20,100,0,0,0,0,0.358446730833057,0,0,0,0
2019-05-21,101,0,0,0,0,0,0,0,0,0
2019-05-22,102,0,0,0,0,0,0,0,0,0
2019-05-23,103,0,0,0,0,0,0,0,0,0
2019-05-24,104,0,0,0,0,0,0,0,0.415104740904079,0
2019-05-27,105,0,0,0,0,0,0,0,0,0
2019-05-28,106,0,0,0,0.496534653465347,0,0,0,0,0
2019-05-29,107,0,0,0,0.250551267916207,0,0,0,0,0
2019-05-30,108,0.175321977565434,0,0,0,0,0,0,0,0
2019-05-31,109,0,0.714183551847437,0,0,0,0,0,0,0
2019-06-03,110,0,0.600790513833992,0,0,0,0,0,0,0
2019-06-04,111,0,0.44875708678587,0,0,0,0,0,0.275839511556912,0
2019-06-05,112,0,0,0,0,0,0,0,0,0
2019-06-06,113,0,0.617030290192756,0,0,0,0,0,0,0
2019-06-07,114,0,0.522692503824579,0,0,0,0,0,0,0
2019-06-10,115,0,0.416256157635468,0,0,0,0,0,0,0
2019-06-11,116,0,0.700868845676458,0,0,0,0,0,0,0
2019-06-12,117,0,0.704301075268817,0,0,0,0,0,0,0
2019-06-13,118,0,0.49662415603901,0,0,0,0,0,0,0
2019-06-14,119,0,0.524969173859433,0,0,0.220406905055487,0,0,0,0
2019-06-17,120,0,0,0,0,0,0,0,0,0
2019-06-18,121,0,0,0,0,0,0,0,0,0
2019-06-19,122,0,0,0,0.487024608501119,0,0,0.256599552572707,0,0
2019-06-20,123,0,0,0,0,0,0,0,0.296192609182531,0
2019-06-21,124,0,0.562817069531483,0,0,0,0,0,0,0
2019-06-24,125,0,0,0,0.279768786127168,0.384585741811175,0,0,0,0
2019-06-25,126,0,0,0,0,0,0,0,0.473453908984831,0
2019-06-26,127,0,0,0,0,0,0,0,0,0
2019-06-27,128,0,0,0,0,0.299396949272792,0,0.408655551614048,0,0
2019-06-28,129,0,0.323112012164217,0,0,0,0,0,0,0
2019-07-02,130,0,0,0,0,0,0,0,0,0
2019-07-03,131,0,0,0,0,0,0,0.371903153153153,0.331081081081081,0
2019-07-04,132,0,0,0,0,0.364816700610998,0,0,0,0
2019-07-05,133,0,0,0,0,0.157531760435572,0,0,0,0
2019-07-08,134,0,0,0,0,0,0,0,0,0
2019-07-09,135,0.365037812681792,0.31500872600349,0,0,0,0,0,0,0
2019-07-10,136,0,0,0,0,0,0,0,0.53712612424179,0
2019-07-11,137,0,0,0,0,0,0,0,0,0
2019-07-12,138,0,0,0,0,0,0,0,0,0
2019-07-15,139,0,0,0,0,0,0,0,0,0
2019-07-16,140,0,0,0,0,0,0,0,0,0
2019-07-17,141,0,0,0,0,0,0,0,0,0
2019-07-18,142,0,0,0,0,0,0,0,0,0
2019-07-19,143,0,0,0,0.429993577392421,0,0,0,0,0
2019-07-22,144,0,0.435121503897295,0,0,0,0,0,0,0
2019-07-23,145,0,0,0,0,0,0,0,0,0
2019-07-24,146,0,0,0,0.302382406841784,0,0,0.244349419670128,0,0
2019-07-25,147,0,0,0,0,0,0,0,0,0
2019-07-26,148,0,0,0,0,0,0,0,0,0
2019-07-29,149,0,0,0,0,0,0,0,0,0
2019-07-30,150,0,0.348673300165837,0,0,0,0,0,0,0
2019-07-31,151,0,0,0,0,0,0,0,0,0
2019-08-01,152,0,0,0,0,0.227576974564926,0,0,0,0
2019-08-02,153,0.186023940472339,0,0,0,0,0,0,0.237463604011647,0
2019-08-05,154,0,0.374475438163416,0,0,0.407800543075784,0,0,0,0
2019-08-06,155,0,0.284017467248908,0,0,0,0,0,0,0
2019-08-07,156,0,0,0,0,0,0,0,0,0
2019-08-08,157,0,0,0,0,0,0,0,0,0
2019-08-09,158,0,0,0,0.265950982377962,0,0,0,0,0
2019-08-12,159,0.289393010423053,0,0,0,0,0,0,0,0
2019-08-13,160,0.1358909174948,0,0,0,0.636699792003698,0,0,0,0
2019-08-14,161,0,0,0,0,0,0,0,0,0
2019-08-15,162,0,0,0,0,0,0,0,0,0
2019-08-16,163,0,0,0,0,0,0,0,0.307134220072551,0
2019-08-19,164,0,0,0,0,0,0,0,0,0
2019-08-20,165,0,0,0,0,0,0,0,0,0
2019-08-21,166,0,0,0,0,0,0,0.240936058009229,0,0
2019-08-22,167,0.467946907653205,0,0,0,0,0,0,0,0
2019-08-23,168,0,0,0,0,0.298248882265276,0,0,0,0
2019-08-26,169,0,0,0,0.249429657794677,0,0,0,0,0
2019-08-27,170,0,0,0,0,0,0,0,0,0
2019-08-28,171,0,0,0,0,0,0,0,0,0
2019-08-29,172,0,0,0,0,0,0,0.32441113490364,0,0
2019-08-30,173,0,0,0,0,0,0,0,0,0
2019-09-02,174,0,0.153684945860985,0,0.280125742228432,0,0,0,0,0
2019-09-03,175,0,0,0,0,0.481045751633987,0,0,0,0
2019-09-04,176,0.573828287017835,0,0,0,0,0,0,0,0
2019-09-05,177,0.284361851332398,0,0,0,0,0,0,0,0
2019-09-06,178,0,0.430733410942957,0,0,0,0,0,0,0
2019-09-09,179,0,0,0,0,0,0,0,0,0
2019-09-10,180,0,0,0,0.727496917385943,0,0,0,0,0
2019-09-11,181,0,0,0,0,0,0,0,0,0
2019-09-12,182,0,0,0,0,0,0,0,0,0
2019-09-13,183,0,0,0,0,0,0,0,0,0
2019-09-17,184,0,0,0,0,0,0,0,0,0
2019-09-18,185,0,0,0,0,0,0,0,0,0
2019-09-20,186,0,0,0,0,0.298701298701299,0,0,0,0
2019-09-23,187,0,0,0,0,0,0,0,0,0
2019-09-24,188,0,0,0,0,0,0,0,0,0
2019-09-25,189,0,0,0,0.337335136963138,0,0,0.440987487318228,0,0
2019-09-26,190,0,0,0,0,0,0,0,0,0
2019-09-27,191,0,0,0,0,0,0,0,0,0
2019-09-30,192,0,0,0,0,0,0,0,0,0
2019-10-01,193,0,0,0,0,0,0,0,0,0
2019-10-02,194,0,0,0,0,0,0,0.278576651230807,0,0
2019-10-03,195,0.254210286754665,0,0,0,0,0,0.400773782430587,0,0
2019-10-04,196,0.295933014354067,0,0,0.474162679425837,0,0,0,0,0
2019-10-07,197,0,0,0,0.187651331719128,0,0,0.595883777239709,0,0
2019-10-08,198,0,0,0,0,0,0,0,0,0
2019-10-09,199,0,0,0,0,0,0,0,0,0
2019-10-10,200,0,0,0,0,0,0,0.44457664088836,0,0
2019-10-11,201,0.427113010446344,0,0,0,0,0,0,0,0
2019-10-14,202,0,0,0,0,0.499790180444817,0,0,0,0
2019-10-15,203,0.320782396088019,0,0,0,0.228850855745721,0,0,0,0
2019-10-16,204,0,0,0,0,0,0,0,0,0
2019-10-17,205,0.432523051131601,0,0,0,0,0,0,0,0
2019-10-18,206,0,0,0,0,0,0,0,0,0
2019-10-21,207,0,0,0,0,0,0,0,0,0
2019-10-22,208,0.222296395193591,0,0,0,0,0,0,0,0
2019-10-23,209,0,0,0,0,0,0,0,0,0
2019-10-24,210,0,0,0,0,0,0,0.349261083743842,0,0
2019-10-25,211,0.330100853374709,0,0,0,0,0,0,0,0
2019-10-28,212,0,0,0,0,0,0,0,0,0
2019-10-29,213,0.360570687418936,0,0,0,0,0,0,0,0
2019-10-30,214,0,0,0,0,0,0,0,0.223017902813299,0
2019-10-31,215,0,0,0,0,0,0,0,0.337257300107017,0
2019-11-01,216,0,0,0,0,0,0,0,0.298497713912476,0
2019-11-04,217,0,0,0,0,0,0,0,0.326271186440678,0
2019-11-05,218,0,0,0,0,0,0,0,0,0
2019-11-06,219,0,0,0,0,0.196518305814788,0,0,0.273510409188801,0
2019-11-07,220,0,0,0,0,0,0,0,0,0
2019-11-08,221,0,0,0,0,0,0,0,0,0
2019-11-11,222,0,0.227504244482173,0,0,0,0,0,0,0
2019-11-12,223,0,0.167088607594937,0,0,0,0,0,0,0
2019-11-13,224,0,0,0,0,0,0,0,0.260741612713361,0
2019-11-14,225,0,0,0,0.231669747381393,0,0,0,0,0
2019-11-15,226,0,0,0,0,0,0,0,0,0
2019-11-18,227,0,0,0,0.390038809831824,0,0,0,0,0
2019-11-19,228,0,0,0,0,0,0,0,0,0
2019-11-21,229,0,0,0,0.231237322515213,0,0,0,0,0
2019-11-22,230,0,0,0,0.280101038450744,0,0,0,0,0
2019-11-25,231,0,0,0,0,0,0,0,0,0
2019-11-26,232,0,0,0,0,0,0,0,0,0
2019-11-27,233,0,0,0,0.502374561222383,0,0,0,0,0
2019-11-28,234,0,0,0,0,0,0,0.46208988144472,0,0
2019-11-29,235,0,0.351944444444444,0,0,0,0,0,0,0
2019-12-02,236,0,0,0,0,0,0,0,0,0
2019-12-03,237,0,0,0,0.478464039008533,0,0,0,0,0
2019-12-04,238,0.325273606515653,0,0,0,0,0,0,0,0
2019-12-05,239,0,0,0,0,0,0,0,0,0
2019-12-06,240,0,0,0,0,0,0,0.346968590211833,0,0
2019-12-09,241,0,0,0,0,0,0,0,0,0
2019-12-10,242,0.286793372319688,0,0,0,0,0,0,0,0
2019-12-11,243,0,0,0,0,0,0,0,0,0
2019-12-12,244,0,0,0,0,0,0,0,0,0
2019-12-13,245,0,0,0,0,0,0,0,0,0
2019-12-16,246,0,0,0,0,0,0,0,0,0
2019-12-17,247,0,0,0,0,0.726679104477612,0,0,0,0
2019-12-18,248,0,0,0,0,0.353813559322034,0,0,0,0
2019-12-19,249,0,0,0,0,0,0,0,0,0
2019-12-20,250,0.187134502923977,0,0,0,0,0,0,0,0
2019-12-23,251,0,0,0,0,0,0,0,0,0
2019-12-24,252,0,0,0,0,0,0,0,0,0
2019-12-26,253,0,0.73502722323049,0,0,0,0.075317604355717,0,0,0
2019-12-27,254,0,0.28922908693275,0,0,0,0,0,0,0
2020-01-02,255,0,0,0,0,0,0,0,0,0
2020-01-03,256,0,0,0,0,0,0,0,0,0
2020-01-06,257,0,0,0,0.518576456785295,0,0,0.195737192021901,0,0
2020-01-07,258,0.431352459016393,0,0,0,0.29969262295082,0,0,0,0
2020-01-08,259,0,0,0,0,0,0,0,0,0
2020-01-09,260,0,0,0,0,0,0,0,0,0
2020-01-10,261,0,0,0,0,0.348991696322657,0,0,0,0
2020-01-13,262,0,0,0,0,0,0,0,0,0
2020-01-14,263,0,0,0,0,0,0,0.173151249677918,0,0
2020-01-15,264,0.358863809282272,0,0,0,0,0,0,0,0
2020-01-16,265,0,0,0,0,0,0,0,0,0
2020-01-17,266,0,0,0,0,0,0,0,0,0
2020-01-20,267,0,0,0,0,0,0,0,0,0
2020-01-21,268,0,0,0,0,0,0,0,0,0
2020-01-22,269,0,0,0,0,0.234029484029484,0,0.346027846027846,0,0
2020-01-23,270,0,0,0,0,0,0,0.352888086642599,0,0
2020-01-24,271,0,0,0,0,0,0,0.288588149231895,0,0
2020-01-27,272,0,0,0,0,0,0,0,0,0
2020-01-28,273,0,0,0,0,0,0,0,0,0
2020-01-29,274,0,0,0,0,0,0,0,0.325274316533383,0
2020-01-30,275,0.355243722304284,0,0,0,0,0,0,0,0
2020-01-31,276,0,0,0,0,0,0,0,0,0
2020-02-03,277,0,0,0,0,0,0,0,0,0
2020-02-04,278,0,0,0,0,0,0,0,0,0
2020-02-05,279,0,0,0,0.432384341637011,0,0,0,0,0
2020-02-06,280,0,0,0,0,0,0,0,0,0
2020-02-07,281,0,0,0,0,0,0,0,0,0
2020-02-10,282,0.355772994129158,0,0,0,0,0,0,0,0
2020-02-11,283,0,0,0,0,0,0,0.230949041608228,0,0
2020-02-12,284,0.272040302267002,0.29003238575027,0,0,0,0,0,0.437927311982728,0
2020-02-13,285,0.188396488974524,0,0,0,0,0,0,0,0
2020-02-14,286,0,0,0,0,0.32015065913371,0,0,0,0
2020-02-17,287,0,0,0,0,0,0,0,0,0
2020-02-18,288,0,0,0,0,0,0,0,0,0
2020-02-19,289,0,0,0,0,0,0,0,0,0
2020-02-20,290,0,0,0,0.231863442389758,0,0,0,0,0
2020-02-21,291,0,0,0,0,0,0,0,0.291508923742564,0
2020-02-24,292,0,0,0,0,0,0,0.343166441136671,0,0
2020-02-25,293,0,0,0,0.259581881533101,0,0,0,0,0
2020-02-26,294,0,0,0,0,0,0,0,0,0
2020-02-27,295,0,0,0,0,0,0,0,0,0
2020-02-28,296,0,0,0,0,0,0,0,0,0
2020-03-02,297,0,0,0,0,0,0,0,0,0
2020-03-03,298,0,0,0,0,0,0,0.155117963960617,0,0
2020-03-04,299,0,0,0,0,0,0,0,0,0
2020-03-05,300,0,0,0,0.441182078169685,0,0,0,0.301811248808389,0
2020-03-06,301,0,0,0,0,0.247497725204732,0,0,0,0
2020-03-09,302,0,0,0,0,0,0,0,0,0
2020-03-10,303,0,0,0,0,0,0,0,0,0
2020-03-11,304,0,0,0,0.425081027175268,0,0,0,0.238095238095238,0
2020-03-12,305,0,0,0,0.318124207858048,0,0,0,0,0.349809885931559
2020-03-13,306,0,0,0,0,0,0,0,0,0.431325301204819
2020-03-16,307,0,0,0,0.204091120409112,0,0,0,0,0.53905160390516
2020-03-17,308,0,0,0,0,0,0,0,0,0
2020-03-18,309,0,0,0,0,0,0,0,0,0.279544091181764
2020-03-19,310,0,0,0,0,0,0,0,0,0.518153672952435
2020-03-20,311,0,0,0,0,0,0,0,0,0.510980966325037
2020-03-23,312,0,0,0,0,0,0,0,0,0.583989145183175
2020-03-24,313,0,0,0,0,0,0.25,0,0,0.601576182136602
2020-03-25,314,0,0,0,0,0,0,0,0,0.5850622406639
2020-03-26,315,0,0,0,0,0,0,0,0,0.564630027632791
2020-03-27,316,0,0,0,0.165217391304348,0,0.188142292490119,0,0,0.646640316205534
2020-03-30,317,0,0,0,0,0,0.226378794356563,0,0,0.598760153911928
2020-03-31,318,0,0,0,0,0,0,0,0,0.705462737000188
2020-04-01,319,0,0,0,0,0,0.177502876869965,0,0,0.65132336018412
2020-04-02,320,0,0,0,0,0,0,0,0,0.649632133624975
2020-04-03,321,0,0,0,0,0,0.164611872146119,0,0,0.668949771689498
2020-04-04,322,0,0,0,0,0,0,0,0,0.44452313503305
2020-04-06,323,0,0,0.231200527704485,0,0,0,0,0,0.577341688654354
2020-04-07,324,0,0,0,0,0,0.225109409190372,0,0,0.554704595185996
2020-04-08,325,0,0,0.291793776693106,0,0,0,0,0,0.484136668700427
2020-04-09,326,0,0,0,0,0,0.363799283154122,0,0,0.454838709677419
2020-04-10,327,0,0,0,0,0,0,0,0,0.276607854297097
2020-04-13,328,0,0,0,0,0,0.439516129032258,0,0,0.307459677419355
2020-04-14,329,0,0,0,0,0,0,0,0,0.333918128654971
2020-04-15,330,0,0,0,0,0,0,0,0,0.304443318128062
2020-04-16,331,0,0,0,0,0,0.258535021638083,0,0,0.553133514986376
2020-04-17,332,0,0,0,0,0,0.406494960806271,0,0,0.334154535274356
2020-04-20,333,0,0,0.241646572511195,0,0,0,0,0,0.431450223906304
2020-04-21,334,0,0,0,0,0,0,0,0,0.569767441860465
2020-04-22,335,0,0,0,0,0,0,0,0.321231535860473,0.387969389571098
2020-04-23,336,0,0,0,0.342073416700282,0,0,0,0,0.349132714804357
2020-04-24,337,0,0,0,0,0,0.296368352788586,0,0,0
2020-04-27,338,0,0,0.250470809792844,0,0,0,0.198446327683616,0,0.551082862523541
2020-04-28,339,0,0,0.222222222222222,0,0,0,0,0,0.527146464646465
2020-04-29,340,0,0,0,0,0,0.393694149384589,0,0.248187489462148,0.358118361153262
2020-04-30,341,0,0,0.260694288913774,0,0,0.36976483762598,0,0,0.369540873460246
2020-05-01,342,0,0,0,0,0,0.486256673917342,0,0,0.290883923274669
2020-05-04,343,0,0,0,0,0,0.551403935441079,0,0,0.230599159849657
2020-05-05,344,0,0,0,0,0,0.380099916736053,0,0,0
2020-05-06,345,0,0,0,0.28875,0,0,0,0,0.322142857142857
2020-05-07,346,0,0,0.282240809181093,0,0,0,0,0,0.464306555144913
2020-05-08,347,0,0,0,0,0,0.478573877271169,0,0,0
2020-05-11,348,0,0,0.293333333333333,0,0,0.303625730994152,0,0,0.403040935672515
2020-05-12,349,0,0,0,0,0,0.663847203274216,0,0,0
2020-05-13,350,0,0,0,0,0,0.351524879614767,0,0,0
2020-05-14,351,0,0,0,0,0,0,0,0,0.318378378378378
2020-05-15,352,0,0,0,0,0,0.430979978925184,0,0,0
2020-05-18,353,0,0,0,0,0,0,0,0,0
2020-05-19,354,0,0,0,0,0,0.369958717053033,0,0,0.350587488091458
2020-05-20,355,0,0,0,0,0,0.416760089686099,0.292600896860987,0,0
2020-05-21,356,0,0,0,0,0,0,0,0,0
2020-05-22,357,0,0,0.452772699573431,0.225675401178143,0,0,0,0,0.321551899248426
2020-05-25,358,0,0,0.475743107962421,0.275681503157246,0,0,0,0,0.248575388880333
2020-05-26,359,0,0,0,0,0,0.61617900172117,0.197647733792312,0,0
2020-05-27,360,0,0,0,0,0,0.479373264577549,0,0,0.222927409758032
2020-05-28,361,0,0,0,0,0,0,0,0,0
2020-05-29,362,0,0,0,0,0,0.428707905421543,0,0,0
2020-06-01,363,0,0,0,0,0,0.472144846796657,0,0,0
2020-06-02,364,0,0,0.533608711978971,0,0,0.345850544498686,0,0,0
2020-06-03,365,0,0,0,0,0,0.488429345150172,0,0,0
2020-06-04,366,0,0,0.312156166814552,0,0,0.521561668145519,0,0.166282165039929,0
2020-06-05,367,0,0,0,0,0,0.315762406788377,0,0,0
2020-06-08,368,0,0,0,0,0,0.561096529600466,0,0,0.269466316710411
2020-06-09,369,0,0,0,0,0,0.334367070764026,0,0,0
2020-06-10,370,0,0,0.550436999271668,0,0,0,0,0.208667152221413,0
2020-06-11,371,0,0,0,0,0,0,0,0,0
2020-06-12,372,0,0,0.425653594771242,0,0,0,0,0.29297385620915,0
2020-06-15,373,0,0,0,0,0,0.404315729699035,0,0,0
2020-06-16,374,0,0,0,0,0,0,0,0.271247150765223,0
2020-06-17,375,0.261557177615572,0,0,0,0,0.357664233576642,0,0,0
2020-06-18,376,0,0.205232837253961,0,0,0,0,0,0,0
2020-06-19,377,0,0,0,0,0,0,0,0,0
2020-06-22,378,0,0,0,0,0,0,0,0,0
2020-06-23,379,0,0,0,0,0,0,0,0.323692045937899,0
2020-06-24,380,0,0,0.485619990570486,0,0,0,0,0,0
2020-06-25,381,0,0,0.367861557478368,0,0,0,0,0,0
2020-06-26,382,0,0,0,0,0.314618644067797,0,0,0,0
2020-06-29,383,0,0,0.276247670325119,0,0,0,0,0,0
2020-06-30,384,0,0,0,0,0,0.344606712785037,0,0,0
2020-07-01,385,0,0,0.356843992827256,0,0,0,0,0,0
2020-07-02,386,0.238262088297127,0,0.504905395935529,0,0,0,0,0,0
2020-07-03,387,0,0,0.323660714285714,0,0,0,0,0,0
2020-07-06,388,0,0,0,0,0,0,0,0,0
2020-07-07,389,0.341222366710013,0,0,0,0,0.283485045513654,0,0,0
2020-07-10,390,0,0.18692861311029,0,0,0,0,0,0,0
2020-07-13,391,0,0,0,0,0,0,0,0,0
2020-07-14,392,0,0,0,0,0,0.43646017699115,0,0,0
2020-07-15,393,0,0,0.241708043694141,0,0.412909632571996,0,0,0,0
2020-07-16,394,0,0,0,0,0,0,0,0,0
2020-07-17,395,0,0,0,0,0,0,0,0,0
2020-07-20,396,0,0,0,0,0,0,0,0,0
2020-07-21,397,0,0,0,0,0,0.466385372714487,0,0,0
2020-07-22,398,0,0,0.224374114312707,0,0,0,0,0,0
2020-07-23,399,0,0,0,0,0,0,0,0,0
2020-07-24,400,0,0,0.271077908217716,0,0,0,0,0,0
2020-07-27,401,0,0,0,0,0,0,0,0,0
2020-07-28,402,0.336978810663021,0,0,0,0,0,0,0,0
2020-07-29,403,0,0,0,0,0,0,0,0,0
2020-07-30,404,0,0,0.447788697788698,0,0,0,0,0,0
2020-07-31,405,0,0,0,0,0,0,0,0,0
2020-08-03,406,0,0,0,0,0,0.298429319371728,0,0,0.156452109639667
2020-08-04,407,0,0,0,0,0.174595389897008,0,0,0,0
2020-08-05,408,0,0,0.364285714285714,0,0,0,0,0,0
2020-08-06,409,0,0,0,0,0,0,0,0,0
2020-08-07,410,0,0,0.245526496902959,0,0,0.440467997247075,0,0,0
2020-08-10,411,0,0,0,0,0,0,0,0,0
2020-08-11,412,0,0,0,0,0,0,0,0,0
2020-08-12,413,0,0,0,0,0,0.44261744966443,0,0,0
2020-08-13,414,0,0,0.462149728147219,0,0,0.251359263906315,0,0,0
2020-08-14,415,0,0,0,0.25067922477812,0,0,0,0,0
2020-08-17,416,0,0,0.337335749886724,0,0,0,0,0,0
2020-08-18,417,0,0,0,0,0,0,0,0,0
2020-08-19,418,0,0,0,0,0,0,0,0,0
2020-08-20,419,0,0,0,0,0,0,0,0.259135658267979,0
2020-08-21,420,0,0,0,0,0,0,0.172715347616965,0,0
2020-08-24,421,0,0,0.303215207697724,0,0,0,0,0,0
2020-08-25,422,0,0,0.257135703555333,0,0,0,0,0.184026039058588,0
2020-08-26,423,0,0,0.253128007699711,0,0,0,0,0,0
2020-08-27,424,0,0,0.31952571604558,0,0,0,0,0,0
2020-08-28,425,0.234834558823529,0,0,0,0,0,0,0,0
2020-08-31,426,0,0,0.542043399638336,0,0,0,0,0,0
2020-09-02,427,0,0,0.251488095238095,0,0,0,0,0,0
2020-09-03,428,0,0,0,0,0,0,0,0,0
2020-09-04,429,0.367137355584082,0,0,0,0,0,0,0.298331193838254,0
2020-09-07,430,0,0,0,0,0,0,0,0.364871794871795,0
2020-09-08,431,0,0,0,0,0,0.292560232989145,0,0.309240137675404,0
2020-09-09,432,0,0,0.202047174009791,0,0,0,0,0,0
2020-09-10,433,0,0,0,0,0,0,0,0,0
2020-09-11,434,0,0,0,0,0,0,0,0.352207792207792,0
2020-09-14,435,0,0,0,0,0,0,0,0,0
2020-09-15,436,0,0,0,0,0,0,0,0,0
2020-09-17,437,0,0,0,0,0,0,0,0,0
2020-09-18,438,0,0,0,0,0,0,0,0.381578947368421,0
2020-09-21,439,0,0,0,0,0,0,0,0,0
2020-09-22,440,0,0,0.494664453402893,0,0,0.325586910125682,0,0,0
2020-09-23,441,0,0,0,0,0,0,0,0,0
2020-09-24,442,0,0,0,0,0,0,0,0.249207467418105,0
2020-09-25,443,0,0,0,0,0,0,0,0.437542817994976,0
2020-09-28,444,0.285918399745991,0,0,0.254008572789332,0,0,0,0,0
2020-09-29,445,0,0,0,0,0,0.305114638447972,0,0,0
2020-09-30,446,0,0.159940652818991,0,0,0,0,0,0,0
2020-10-01,447,0,0,0,0,0,0,0,0,0
2020-10-02,448,0,0,0,0,0,0,0,0,0
2020-10-05,449,0,0,0.370981507823613,0,0,0,0,0,0
2020-10-06,450,0,0,0,0,0,0,0,0,0
2020-10-07,451,0,0,0,0,0,0,0,0,0
2020-10-08,452,0,0,0.254158468967984,0,0,0,0,0,0
2020-10-09,453,0,0,0.299535880042842,0,0,0,0,0,0
2020-10-12,454,0,0,0,0,0,0,0.203417412530513,0,0
2020-10-13,455,0,0,0,0,0,0,0.325473383351197,0,0
2020-10-14,456,0,0,0,0,0,0,0,0,0
2020-10-15,457,0,0,0,0,0,0.24055530268548,0,0,0
2020-10-16,458,0,0,0,0,0,0,0,0,0
2020-10-19,459,0,0,0,0,0,0,0,0,0
2020-10-20,460,0,0,0.241212512092873,0,0,0.398581102870042,0,0,0
2020-10-21,461,0,0,0,0,0,0,0,0,0.154393305439331
2020-10-22,462,0,0,0,0,0,0,0,0.296438883541867,0
2020-10-23,463,0,0,0.332703213610586,0,0,0.518588531821046,0,0,0
2020-10-26,464,0,0,0,0,0,0,0,0,0
2020-10-27,465,0,0,0,0,0,0.26545842217484,0.34275053304904,0,0
2020-10-28,466,0,0,0,0,0,0,0.315183246073298,0,0
2020-10-29,467,0,0,0,0,0,0,0,0,0
2020-10-30,468,0,0,0.423706614276359,0,0,0,0,0,0
2020-11-03,469,0,0,0,0,0,0,0,0,0
2020-11-04,470,0,0,0,0,0,0,0,0,0
2020-11-05,471,0,0,0,0,0,0,0,0,0
2020-11-06,472,0,0,0,0.256640344580043,0,0,0,0,0
2020-11-09,473,0,0.234644133896653,0,0,0,0,0,0,0
2020-11-10,474,0,0,0,0,0,0,0,0,0
2020-11-11,475,0,0,0,0,0,0,0,0,0
2020-11-12,476,0,0,0,0,0,0,0,0,0
2020-11-13,477,0,0,0,0.327066500932256,0,0,0,0,0
2020-11-16,478,0,0,0,0,0,0,0,0,0
2020-11-17,479,0,0,0,0,0,0.448254992939278,0,0,0
2020-11-18,480,0,0.214462605250124,0,0,0,0,0,0,0
2020-11-19,481,0,0,0,0,0,0,0,0,0
2020-11-20,482,0,0,0,0,0,0.217472894078399,0,0,0
2020-11-23,483,0,0,0,0,0,0,0,0,0
2020-11-24,484,0,0,0,0,0,0.443846883897501,0,0.191711483707687,0
2020-11-25,485,0,0,0,0,0,0,0,0,0
2020-11-26,486,0,0,0,0,0,0,0,0,0
2020-11-27,487,0,0,0,0,0,0,0,0,0
2020-11-30,488,0,0,0,0,0,0,0,0,0
2020-12-02,489,0,0,0,0.295985305694043,0,0,0.411702965101023,0,0
2020-12-03,490,0,0,0.442971747471224,0,0,0,0,0,0
2020-12-04,491,0,0,0,0.263280521901212,0,0.499767008387698,0.23695246971109,0,0
2020-12-07,492,0,0,0,0,0,0,0,0,0
2020-12-08,493,0,0,0,0,0.262690355329949,0,0,0,0
2020-12-09,494,0,0,0,0,0,0,0,0,0
2020-12-10,495,0.441908325537886,0,0,0,0,0,0,0.284752104770814,0
2020-12-11,496,0,0,0,0,0,0,0,0,0
2020-12-14,497,0.294471153846154,0,0,0,0,0,0,0,0
2020-12-15,498,0,0,0,0,0,0,0,0,0
2020-12-16,499,0.33768352365416,0,0,0,0,0,0,0,0
2020-12-17,500,0,0,0,0,0,0,0,0,0
2020-12-18,501,0,0,0,0,0,0.389029003783102,0,0,0
2020-12-21,502,0,0,0,0,0,0.359366157328806,0,0,0
2020-12-22,503,0,0,0,0,0,0.434844868735083,0,0,0
2020-12-23,504,0,0,0.312742192842489,0,0,0,0,0,0
2020-12-24,505,0,0,0,0,0,0.259301270417423,0,0,0
2020-12-28,506,0,0,0,0,0,0,0,0.200510855683269,0
2020-12-29,507,0,0,0,0,0,0,0,0,0
2020-12-30,508,0,0,0,0,0,0,0,0,0
2021-01-04,509,0,0,0.320634169427354,0,0,0,0,0,0
2021-01-05,510,0,0,0,0.126130099228225,0,0,0,0,0
2021-01-06,511,0,0,0,0,0,0,0,0,0
2021-01-08,512,0,0,0,0,0,0,0,0,0
2021-01-11,513,0,0,0,0,0,0,0,0,0
2021-01-12,514,0,0,0,0.126756719879929,0,0,0,0,0
2021-01-13,515,0,0,0,0,0,0,0,0.289641629847815,0
2021-01-14,516,0,0,0,0,0,0,0,0.188102451115395,0
2021-01-15,517,0,0,0,0,0,0,0,0,0
2021-01-18,518,0,0.220205773078022,0,0,0,0,0,0,0
2021-01-19,519,0,0,0,0,0,0.241169853768279,0,0,0
2021-01-20,520,0,0,0,0,0,0,0,0,0
2021-01-21,521,0,0,0,0,0,0,0,0.41344537815126,0
2021-01-22,522,0,0,0,0,0,0,0,0,0
2021-02-08,523,0,0,0,0,0,0.218947784810127,0,0,0
2021-02-09,524,0,0,0,0,0,0.206682894445674,0,0.23456516928524,0
2021-02-10,525,0,0,0,0,0,0,0,0,0
2021-02-11,526,0,0,0,0.305343511450382,0,0,0,0,0
2021-02-12,527,0,0,0,0,0,0,0,0,0
2021-02-14,528,0,0,0,0,0,0,0,0,0
2021-02-15,529,0,0,0,0,0,0,0,0,0
2021-02-16,530,0,0,0,0,0,0.288962472406181,0,0,0
2021-02-17,531,0,0,0,0,0,0,0,0,0
2021-02-18,532,0,0,0,0,0,0,0,0.240493050091791,0
2021-02-19,533,0,0,0,0,0,0,0,0,0
